Filename,Actual word
Image 1.png,袪芯褋褋懈褟
Image 2.png,褋邪屑邪褟
Image 3.png,斜芯谢褜褕邪褟
Image 4.png,褋褌褉邪薪邪
Image 5.png,屑懈褉械
Image 6.png,锌褉芯褋褌懈褉邪褞褖邪褟褋褟
Image 7.png,芯谐褉芯屑薪芯屑
Image 8.png,锌褉芯褋褌褉邪薪褋褌胁械
Image 9.png,袙芯褋褌芯褔薪芯泄
Image 10.png,袝胁褉芯锌褘
Image 11.png,小械胁械褉薪芯泄
Image 12.png,袗蟹懈懈
Image 13.png,蟹邪薪懈屑邪褟
Image 14.png,锌谢芯褖邪写褜
Image 15.png,斜芯谢械械
Image 16.png,褋械屑薪邪写褑邪褌懈
Image 17.png,屑懈谢谢懈芯薪芯胁
Image 18.png,泻胁邪写褉邪褌薪褘褏
Image 19.png,泻懈谢芯屑械褌褉芯胁
Image 20.png,芯褏胁邪褌褘胁邪褟
Image 21.png,芯写懈薪薪邪写褑邪褌褜
Image 22.png,褔邪褋芯胁褘褏
Image 23.png,锌芯褟褋芯胁
Image 24.png,协褌芯褌
Image 25.png,芯谐褉芯屑薪褘泄
Image 26.png,褉邪蟹屑械褉
Image 27.png,锌芯胁谢懈褟谢
Image 28.png,褌芯谢褜泻芯
Image 29.png,谐械芯谐褉邪褎懈褞
Image 30.png,泻谢懈屑邪褌
Image 31.png,褋褌褉邪薪褘
Image 32.png,懈褋褌芯褉懈褞
Image 33.png,泻褍谢褜褌褍褉褍
Image 34.png,锌芯胁褋械写薪械胁薪褍褞
Image 35.png,卸懈蟹薪褜
Image 36.png,谢褞写械泄
Image 37.png,谢械写褟薪褘褏
Image 38.png,斜械褉械谐芯胁
Image 39.png,小械胁械褉薪芯谐芯
Image 40.png,袥械写芯胁懈褌芯谐芯
Image 41.png,芯泻械邪薪邪
Image 42.png,褍屑械褉械薪薪褘褏
Image 43.png,褉邪胁薪懈薪
Image 44.png,效褢褉薪芯谐芯
Image 45.png,屑芯褉褟
Image 46.png,褉邪蟹薪芯芯斜褉邪蟹薪褘械
Image 47.png,谢邪薪写褕邪褎褌褘
Image 48.png,袪芯褋褋懈懈
Image 49.png,褋褌芯谢褜
Image 50.png,屑薪芯谐芯芯斜褉邪蟹薪褘
Image 51.png,胁械泻邪屑懈
Image 52.png,褎芯褉屑懈褉芯胁邪胁褕邪褟褋褟
Image 53.png,懈褋褌芯褉懈褟
Image 54.png,袠褋褌芯泻懈
Image 55.png,褉芯褋褋懈泄褋泻芯谐芯
Image 56.png,谐芯褋褍写邪褉褋褌胁邪
Image 57.png,褍褏芯写褟褌
Image 58.png,泻芯谐写邪
Image 59.png,胁芯蟹薪懈泻谢邪
Image 60.png,袣懈械胁褋泻邪褟
Image 61.png,袪褍褋褜
Image 62.png,芯斜褗械写懈薪械薪懈械
Image 63.png,褋谢邪胁褟薪褋泻懈褏
Image 64.png,褎懈薪薪芯褍谐芯褉褋泻懈褏
Image 65.png,锌谢械屑褢薪
Image 66.png,胁谢邪褋褌褜褞
Image 67.png,胁邪褉褟卸褋泻懈褏
Image 68.png,胁懈泻懈薪谐褋泻懈褏
Image 69.png,泻薪褟蟹械泄
Image 70.png,袩褉懈薪褟褌懈械
Image 71.png,锌褉邪胁芯褋谢邪胁薪芯谐芯
Image 72.png,褏褉懈褋褌懈邪薪褋褌胁邪
Image 73.png,泻薪褟蟹械屑
Image 74.png,袙谢邪写懈屑懈褉芯屑
Image 75.png,袣懈械胁褋泻懈屑
Image 76.png,褋褌邪谢芯
Image 77.png,锌械褉械谢芯屑薪褘屑
Image 78.png,屑芯屑械薪褌芯屑
Image 79.png,薪邪胁褋械谐写邪
Image 80.png,褋胁褟蟹邪胁
Image 81.png,褋褌褉邪薪褍
Image 82.png,袙懈蟹邪薪褌懈械泄
Image 83.png,袟邪锌邪写薪芯泄
Image 84.png,袝胁褉芯锌芯泄
Image 85.png,褉械褕械薪懈械
Image 86.png,芯泻邪蟹邪谢芯
Image 87.png,谐谢褍斜芯泻芯械
Image 88.png,胁谢懈褟薪懈械
Image 89.png,褉芯褋褋懈泄褋泻褍褞
Image 90.png,懈写械薪褌懈褔薪芯褋褌褜
Image 91.png,褌褉邪写懈褑懈懈
Image 92.png,懈褋泻褍褋褋褌胁芯
Image 93.png,袩芯褋谢械
Image 94.png,屑芯薪谐芯谢褜褋泻芯谐芯
Image 95.png,薪邪褕械褋褌胁懈褟
Image 96.png,泻芯褌芯褉芯械
Image 97.png,褉邪蟹褉褍褕懈谢芯
Image 98.png,褉械谐懈芯薪
Image 99.png,锌褉懈胁械谢芯
Image 100.png,屑薪芯谐芯胁械泻芯胁芯屑褍
Image 101.png,屑芯薪谐芯谢褜褋泻芯屑褍
Image 102.png,胁谢邪写褘褔械褋褌胁褍
Image 103.png,褑械薪褌褉
Image 104.png,褋懈谢褘
Image 105.png,锌芯褋褌械锌械薪薪芯
Image 106.png,锌械褉械屑械褋褌懈谢褋褟
Image 107.png,袣懈械胁邪
Image 108.png,袦芯褋泻芯胁褋泻芯械
Image 109.png,泻薪褟卸械褋褌胁芯
Image 110.png,袙械谢懈泻芯械
Image 111.png,泻薪褟卸械褋褌胁芯
Image 112.png,袦芯褋泻芯胁褋泻芯械
Image 113.png,褉褍泻芯胁芯写褋褌胁芯屑
Image 114.png,邪屑斜懈褑懈芯蟹薪褘褏
Image 115.png,锌褉邪胁懈褌械谢械泄
Image 116.png,懈褌芯谐械
Image 117.png,褋斜褉芯褋懈谢芯
Image 118.png,屑芯薪谐芯谢褜褋泻芯械
Image 119.png,薪邪褔邪谢芯
Image 120.png,锌褉芯褑械褋褋
Image 121.png,芯斜褗械写懈薪械薪懈褟
Image 122.png,褉褍褋褋泻懈褏
Image 123.png,蟹械屑械谢褜
Image 124.png,袪芯褋褋懈褟
Image 125.png,褋褌邪谢邪
Image 126.png,褑邪褉褋褌胁芯屑
Image 127.png,褉褍泻芯胁芯写褋褌胁芯屑
Image 128.png,袠胁邪薪邪
Image 129.png,锌褉芯蟹胁邪薪薪芯谐芯
Image 130.png,袚褉芯蟹薪褘屑
Image 131.png,锌褉邪胁谢械薪懈械
Image 132.png,芯蟹薪邪屑械薪芯胁邪谢芯褋褜
Image 133.png,蟹薪邪褔懈褌械谢褜薪褘屑
Image 134.png,褌械褉褉懈褌芯褉懈邪谢褜薪褘屑
Image 135.png,褉邪褋褕懈褉械薪懈械屑
Image 136.png,胁薪褍褌褉械薪薪懈屑
Image 137.png,褌械褉褉芯褉芯屑
Image 138.png,蟹邪谢芯卸懈谢芯
Image 139.png,芯褋薪芯胁褘
Image 140.png,邪胁褌芯泻褉邪褌懈褔械褋泻芯谐芯
Image 141.png,褋褌懈谢褟
Image 142.png,锌褉邪胁谢械薪懈褟
Image 143.png,褏邪褉邪泻褌械褉薪芯谐芯
Image 144.png,袪芯褋褋懈懈
Image 145.png,胁械泻邪
Image 146.png,胁锌械褉褢写
Image 147.png,袛懈薪邪褋褌懈褟
Image 148.png,袪芯屑邪薪芯胁褘褏
Image 149.png,薪邪褔邪胁褕邪褟褋褟
Image 150.png,褉褍泻芯胁芯写懈谢邪
Image 151.png,屑邪褋褕褌邪斜薪褘屑
Image 152.png,褉邪褋褕懈褉械薪懈械屑
Image 153.png,褌械褉褉懈褌芯褉懈懈
Image 154.png,袪芯褋褋懈懈
Image 155.png,锌褉芯写胁懈谐邪褟
Image 156.png,谐褉邪薪懈褑褘
Image 157.png,胁芯褋褌芯泻
Image 158.png,褔械褉械蟹
Image 159.png,小懈斜懈褉褜
Image 160.png,孝懈褏芯屑褍
Image 161.png,芯泻械邪薪褍
Image 162.png,效褢褉薪芯屑褍
Image 163.png,屑芯褉褞
Image 164.png,袣邪胁泻邪蟹褍
Image 165.png,袩械褌褉械
Image 166.png,袙械谢懈泻芯屑
Image 167.png,泻芯薪褑械
Image 168.png,薪邪褔邪谢械
Image 169.png,胁械泻芯胁
Image 170.png,袪芯褋褋懈褟
Image 171.png,锌械褉械卸懈谢邪
Image 172.png,褉械蟹泻褍褞
Image 173.png,胁械褋褌械褉薪懈蟹邪褑懈褞
Image 174.png,袩褢褌褉
Image 175.png,胁胁褢谢
Image 176.png,薪芯胁褘械
Image 177.png,邪写屑懈薪懈褋褌褉邪褌懈胁薪褘械
Image 178.png,褋懈褋褌械屑褘
Image 179.png,褉械褎芯褉屑懈褉芯胁邪谢
Image 180.png,邪褉屑懈褞
Image 181.png,芯褋薪芯胁邪谢
Image 182.png,小邪薪泻褌袩械褌械褉斜褍褉谐
Image 183.png,芯泻薪芯
Image 184.png,袝胁褉芯锌褍
Image 185.png,褍褋懈谢懈褟
Image 186.png,锌褉械胁褉邪褌懈谢懈
Image 187.png,袪芯褋褋懈褞
Image 188.png,胁械写褍褖褍褞
Image 189.png,械胁褉芯锌械泄褋泻褍褞
Image 190.png,写械褉卸邪胁褍
Image 191.png,褏芯褌褟
Image 192.png,褑械薪芯泄
Image 193.png,褋芯褑懈邪谢褜薪褘褏
Image 194.png,锌芯褌褉褟褋械薪懈泄
Image 195.png,褌械褔械薪懈械
Image 196.png,胁械泻邪
Image 197.png,袪芯褋褋懈褟
Image 198.png,芯褋褌邪胁邪谢邪褋褜
Image 199.png,锌邪褉邪写芯泻褋邪谢褜薪芯泄
Image 200.png,懈屑锌械褉懈械泄
Image 201.png,屑芯谐褍褖械褋褌胁械薪薪芯泄
Image 202.png,芯褌褋褌邪谢芯泄
Image 203.png,芯谐褉芯屑薪褘屑
Image 204.png,泻褉械褋褌褜褟薪褋泻懈屑
Image 205.png,薪邪褋械谢械薪懈械屑
Image 206.png,锌褉懈泻褉械锌谢褢薪薪褘屑
Image 207.png,蟹械屑谢械
Image 208.png,胁褉械屑褟
Image 209.png,袝胁褉芯锌邪
Image 210.png,褋褌褉械屑懈褌械谢褜薪芯
Image 211.png,懈薪写褍褋褌褉懈邪谢懈蟹懈褉芯胁邪谢邪褋褜
Image 212.png,袨褌屑械薪邪
Image 213.png,泻褉械锌芯褋褌薪芯谐芯
Image 214.png,锌褉邪胁邪
Image 215.png,袗谢械泻褋邪薪写褉芯屑
Image 216.png,褋褌邪谢邪
Image 217.png,胁邪卸薪芯泄
Image 218.png,褋芯褑懈邪谢褜薪芯泄
Image 219.png,褉械褎芯褉屑芯泄
Image 220.png,褉械褕懈谢邪
Image 221.png,谐谢褍斜芯泻懈械
Image 222.png,褋芯褑懈邪谢褜薪褘械
Image 223.png,褝泻芯薪芯屑懈褔械褋泻懈械
Image 224.png,锌褉芯斜谢械屑褘
Image 225.png,袣芯薪械褑
Image 226.png,薪邪褔邪谢芯
Image 227.png,胁械泻芯胁
Image 228.png,斜褘谢懈
Image 229.png,芯褌屑械褔械薪褘
Image 230.png,锌芯谢懈褌懈褔械褋泻懈屑懈
Image 231.png,胁芯谢薪械薪懈褟屑懈
Image 232.png,褉械胁芯谢褞褑懈芯薪薪褘屑懈
Image 233.png,懈写械褟屑懈
Image 234.png,褉邪褋褌褍褖懈屑
Image 235.png,薪械写芯胁芯谢褜褋褌胁芯屑
Image 236.png,褋邪屑芯写械褉卸邪胁懈械屑
Image 237.png,袩械褉胁邪褟
Image 238.png,屑懈褉芯胁邪褟
Image 239.png,胁芯泄薪邪
Image 240.png,芯泻邪蟹邪谢邪褋褜
Image 241.png,泻邪褌邪褋褌褉芯褎懈褔械褋泻芯泄
Image 242.png,袪芯褋褋懈泄褋泻芯泄
Image 243.png,懈屑锌械褉懈懈
Image 244.png,锌褉懈胁械写褟
Image 245.png,芯谐褉芯屑薪褘屑
Image 246.png,胁芯械薪薪褘屑
Image 247.png,锌芯褌械褉褟屑
Image 248.png,褝泻芯薪芯屑懈褔械褋泻芯屑褍
Image 249.png,泻褉邪褏褍
Image 250.png,屑邪褋褋芯胁芯屑褍
Image 251.png,谐芯谢芯写褍
Image 252.png,褉械胁芯谢褞褑懈懈
Image 253.png,锌芯褌褉褟褋谢懈
Image 254.png,袪芯褋褋懈褞
Image 255.png,芯褋薪芯胁邪薪懈褟
Image 256.png,肖械胁褉邪谢褜褋泻邪褟
Image 257.png,褉械胁芯谢褞褑懈褟
Image 258.png,蟹邪褋褌邪胁懈谢邪
Image 259.png,袧懈泻芯谢邪褟
Image 260.png,芯褌褉械褔褜褋褟
Image 261.png,锌褉械褋褌芯谢邪
Image 262.png,锌芯谢芯卸懈胁
Image 263.png,泻芯薪械褑
Image 264.png,屑薪芯谐芯胁械泻芯胁芯屑褍
Image 265.png,锌褉邪胁谢械薪懈褞
Image 266.png,袪芯屑邪薪芯胁褘褏
Image 267.png,袙褉械屑械薪薪芯械
Image 268.png,锌褉邪胁懈褌械谢褜褋褌胁芯
Image 269.png,锌褘褌邪谢芯褋褜
Image 270.png,褍褋褌邪薪芯胁懈褌褜
Image 271.png,写械屑芯泻褉邪褌懈褞
Image 272.png,斜褘谢芯
Image 273.png,褋胁械褉谐薪褍褌芯
Image 274.png,斜芯谢褜褕械胁懈泻邪屑懈
Image 275.png,袨泻褌褟斜褉褜褋泻芯泄
Image 276.png,褉械胁芯谢褞褑懈懈
Image 277.png,褉褍泻芯胁芯写褋褌胁芯屑
Image 278.png,袙谢邪写懈屑懈褉邪
Image 279.png,袥械薪懈薪邪
Image 280.png,斜芯谢褜褕械胁懈泻懈
Image 281.png,褋芯蟹写邪谢懈
Image 282.png,褋芯褑懈邪谢懈褋褌懈褔械褋泻芯械
Image 283.png,谐芯褋褍写邪褉褋褌胁芯
Image 284.png,锌褉懈胁械谢芯
Image 285.png,谐芯写邪屑
Image 286.png,谐褉邪卸写邪薪褋泻芯泄
Image 287.png,胁芯泄薪褘
Image 288.png,斜褘谢芯
Image 289.png,芯斜褉邪蟹芯胁邪薪芯
Image 290.png,小芯褞蟹
Image 291.png,小芯胁械褌褋泻懈褏
Image 292.png,小芯褑懈邪谢懈褋褌懈褔械褋泻懈褏
Image 293.png,袪械褋锌褍斜谢懈泻
Image 294.png,芯蟹薪邪屑械薪芯胁邪谢芯
Image 295.png,薪邪褔邪谢芯
Image 296.png,薪芯胁芯泄
Image 297.png,褝锌芯褏懈
Image 298.png,懈褋褌芯褉懈懈
Image 299.png,袪芯褋褋懈懈
Image 300.png,胁褋械谐芯
Image 301.png,屑懈褉邪
Image 302.png,小芯胁械褌褋泻懈泄
Image 303.png,锌械褉懈芯写
Image 304.png,褋褌邪谢
Image 305.png,褝锌芯褏芯泄
Image 306.png,谐褉邪薪写懈芯蟹薪褘褏
Image 307.png,锌械褉械屑械薪
Image 308.png,小褌褉邪薪邪
Image 309.png,锌械褉械卸懈谢邪
Image 310.png,斜褘褋褌褉褍褞
Image 311.png,懈薪写褍褋褌褉懈邪谢懈蟹邪褑懈褞
Image 312.png,褍褉斜邪薪懈蟹邪褑懈褞
Image 313.png,褉褍泻芯胁芯写褋褌胁芯屑
Image 314.png,袠芯褋懈褎邪
Image 315.png,小褌邪谢懈薪邪
Image 316.png,褏芯褌褟
Image 317.png,褑械薪芯泄
Image 318.png,褝褌芯屑褍
Image 319.png,褋褌邪谢懈
Image 320.png,芯谐褉芯屑薪褘械
Image 321.png,褔械谢芯胁械褔械褋泻懈械
Image 322.png,卸械褉褌胁褘
Image 323.png,袦懈谢谢懈芯薪褘
Image 324.png,锌芯谐懈斜谢懈
Image 325.png,胁褉械屑褟
Image 326.png,薪邪褋懈谢褜褋褌胁械薪薪芯泄
Image 327.png,泻芯谢谢械泻褌懈胁懈蟹邪褑懈懈
Image 328.png,谐芯谢芯写邪
Image 329.png,屑邪褋褋芯胁褘褏
Image 330.png,褉械锌褉械褋褋懈泄
Image 331.png,屑械薪械械
Image 332.png,褋胁械褉褏写械褉卸邪胁芯泄
Image 333.png,褋褘谐褉邪胁
Image 334.png,褉械褕邪褞褖褍褞
Image 335.png,褉芯谢褜
Image 336.png,锌芯斜械写械
Image 337.png,薪邪褑懈褋褌褋泻芯泄
Image 338.png,袚械褉屑邪薪懈械泄
Image 339.png,袙褌芯褉芯泄
Image 340.png,屑懈褉芯胁芯泄
Image 341.png,胁芯泄薪械
Image 342.png,小芯胁械褌褋泻懈泄
Image 343.png,小芯褞蟹
Image 344.png,胁褋褌褍锌懈谢
Image 345.png,褏芯谢芯写薪褍褞
Image 346.png,胁芯泄薪褍
Image 347.png,褋芯锌械褉薪懈褔邪褟
Image 348.png,褋芯蟹写邪薪懈懈
Image 349.png,褟写械褉薪芯谐芯
Image 350.png,芯褉褍卸懈褟
Image 351.png,芯褋胁芯械薪懈懈
Image 352.png,泻芯褋屑芯褋邪
Image 353.png,褉邪褋锌褉芯褋褌褉邪薪械薪懈懈
Image 354.png,褋胁芯械泄
Image 355.png,懈写械芯谢芯谐懈懈
Image 356.png,胁褋械屑褍
Image 357.png,屑懈褉褍
Image 358.png,小芯胁械褌褋泻芯械
Image 359.png,芯斜褖械褋褌胁芯
Image 360.png,芯褌谢懈褔邪谢芯褋褜
Image 361.png,写芯褋褌懈卸械薪懈褟屑懈
Image 362.png,谢懈褕械薪懈褟屑懈
Image 363.png,袚芯褋褍写邪褉褋褌胁芯
Image 364.png,邪泻褌懈胁薪芯
Image 365.png,胁泻谢邪写褘胁邪谢芯
Image 366.png,褋褉械写褋褌胁邪
Image 367.png,薪邪褍泻褍
Image 368.png,芯斜褉邪蟹芯胁邪薪懈械
Image 369.png,懈褋泻褍褋褋褌胁芯
Image 370.png,斜谢邪谐芯写邪褉褟
Image 371.png,褔械屑褍
Image 372.png,锌芯褟胁懈谢懈褋褜
Image 373.png,胁褋械屑懈褉薪芯
Image 374.png,懈蟹胁械褋褌薪褘械
Image 375.png,褍褔褢薪褘械
Image 376.png,锌懈褋邪褌械谢懈
Image 377.png,泻芯屑锌芯蟹懈褌芯褉褘
Image 378.png,锌芯谢懈褌懈褔械褋泻懈械
Image 379.png,褉械锌褉械褋褋懈懈
Image 380.png,褑械薪蟹褍褉邪
Image 381.png,写械褎懈褑懈褌
Image 382.png,褌芯胁邪褉芯胁
Image 383.png,锌械褉胁芯泄
Image 384.png,薪械芯斜褏芯写懈屑芯褋褌懈
Image 385.png,斜褘谢懈
Image 386.png,锌芯胁褋械写薪械胁薪芯泄
Image 387.png,褉械邪谢褜薪芯褋褌褜褞
Image 388.png,斜芯谢褜褕懈薪褋褌胁邪
Image 389.png,谐褉邪卸写邪薪
Image 390.png,褉褍泻芯胁芯写褋褌胁芯
Image 391.png,袦懈褏邪懈谢邪
Image 392.png,袚芯褉斜邪褔褢胁邪
Image 393.png,锌褉懈薪械褋谢芯
Image 394.png,褉械褎芯褉屑褘
Image 395.png,谐谢邪褋薪芯褋褌懈
Image 396.png,锌械褉械褋褌褉芯泄泻懈
Image 397.png,芯写薪邪泻芯
Image 398.png,锌械褉械屑械薪褘
Image 399.png,锌褉懈胁械谢懈
Image 400.png,褉邪褋锌邪写褍
Image 401.png,小芯胁械褌褋泻芯谐芯
Image 402.png,小芯褞蟹邪
Image 403.png,袪邪褋锌邪写
Image 404.png,褝锌芯褏邪谢褜薪褘屑
Image 405.png,褋芯斜褘褌懈械屑
Image 406.png,袪芯褋褋懈褟
Image 407.png,薪械蟹邪胁懈褋懈屑褘屑
Image 408.png,谐芯褋褍写邪褉褋褌胁芯屑
Image 409.png,褋褌芯谢泻薪褍谢邪褋褜
Image 410.png,芯谐褉芯屑薪褘屑懈
Image 411.png,褌褉褍写薪芯褋褌褟屑懈
Image 412.png,褝泻芯薪芯屑懈褔械褋泻懈屑
Image 413.png,泻褉邪褏芯屑
Image 414.png,锌芯谢懈褌懈褔械褋泻芯泄
Image 415.png,薪械褋褌邪斜懈谢褜薪芯褋褌褜褞
Image 416.png,褉械蟹泻懈屑
Image 417.png,褋薪懈卸械薪懈械屑
Image 418.png,褍褉芯胁薪褟
Image 419.png,卸懈蟹薪懈
Image 420.png,谐芯写褘
Image 421.png,斜褘谢懈
Image 422.png,胁褉械屑械薪械屑
Image 423.png,褏邪芯褋邪
Image 424.png,谢懈褕械薪懈泄
Image 425.png,屑薪芯谐懈褏
Image 426.png,褉芯褋褋懈褟薪
Image 427.png,褋褌褉邪薪邪
Image 428.png,锌械褉械褏芯写懈谢邪
Image 429.png,锌谢邪薪芯胁芯泄
Image 430.png,褝泻芯薪芯屑懈泻懈
Image 431.png,褉褘薪芯褔薪芯泄
Image 432.png,褔懈褋谢邪
Image 433.png,芯谢懈谐邪褉褏芯胁
Image 434.png,泻芯褉褉褍锌褑懈褟
Image 435.png,胁芯芯褉褍卸褢薪薪褘械
Image 436.png,泻芯薪褎谢懈泻褌褘
Image 437.png,薪邪锌褉懈屑械褉
Image 438.png,效械褔薪械
Image 439.png,褏邪褉邪泻褌械褉懈蟹芯胁邪谢懈
Image 440.png,写械褋褟褌懈谢械褌懈械
Image 441.png,锌褉械蟹懈写械薪褌芯屑
Image 442.png,袙谢邪写懈屑懈褉
Image 443.png,袩褍褌懈薪
Image 444.png,芯蟹薪邪屑械薪芯胁邪胁
Image 445.png,薪芯胁褘泄
Image 446.png,褝褌邪锌
Image 447.png,芯褌薪芯褋懈褌械谢褜薪芯泄
Image 448.png,褋褌邪斜懈谢褜薪芯褋褌懈
Image 449.png,褝泻芯薪芯屑懈褔械褋泻芯谐芯
Image 450.png,褉芯褋褌邪
Image 451.png,褎芯薪械
Image 452.png,褉芯褋褌邪
Image 453.png,薪械褎褌褜
Image 454.png,袩褍褌懈薪械
Image 455.png,褉芯褋褋懈泄褋泻芯械
Image 456.png,谐芯褋褍写邪褉褋褌胁芯
Image 457.png,褋褌邪谢芯
Image 458.png,斜芯谢械械
Image 459.png,褑械薪褌褉邪谢懈蟹芯胁邪薪薪褘屑
Image 460.png,薪邪锌芯褉懈褋褌褘屑
Image 461.png,胁薪褍褌褉懈
Image 462.png,褋褌褉邪薪褘
Image 463.png,屑懈褉芯胁芯泄
Image 464.png,邪褉械薪械
Image 465.png,袣褉懈褌懈泻懈
Image 466.png,芯褌屑械褔邪褞褌
Image 467.png,褋胁芯褉邪褔懈胁邪薪懈械
Image 468.png,写械屑芯泻褉邪褌懈褔械褋泻懈褏
Image 469.png,褋胁芯斜芯写
Image 470.png,锌褉械褋谢械写芯胁邪薪懈械
Image 471.png,芯锌锌芯蟹懈褑懈懈
Image 472.png,褍卸械褋褌芯褔械薪懈械
Image 473.png,泻芯薪褌褉芯谢褟
Image 474.png,小褌芯褉芯薪薪懈泻懈
Image 475.png,芯写薪邪泻芯
Image 476.png,褋褔懈褌邪褞褌
Image 477.png,袩褍褌懈薪
Image 478.png,胁芯褋褋褌邪薪芯胁懈谢
Image 479.png,锌芯褉褟写芯泻
Image 480.png,薪邪褑懈芯薪邪谢褜薪褍褞
Image 481.png,谐芯褉写芯褋褌褜
Image 482.png,锌芯褋谢械
Image 483.png,斜械褋锌芯泻芯泄薪芯谐芯
Image 484.png,写械褋褟褌懈谢械褌懈褟
Image 485.png,袧邪褋械谢械薪懈械
Image 486.png,袪芯褋褋懈懈
Image 487.png,褋褌芯谢褜
Image 488.png,褉邪蟹薪芯芯斜褉邪蟹薪芯
Image 489.png,谐械芯谐褉邪褎懈褟
Image 490.png,啸芯褌褟
Image 491.png,斜芯谢褜褕懈薪褋褌胁芯
Image 492.png,褋芯褋褌邪胁谢褟褞褌
Image 493.png,褝褌薪懈褔械褋泻懈械
Image 494.png,褉褍褋褋泻懈械
Image 495.png,褋褌褉邪薪械
Image 496.png,锌褉芯卸懈胁邪褞褌
Image 497.png,斜芯谢械械
Image 498.png,薪邪褉芯写芯胁
Image 499.png,孝邪褌邪褉褘
Image 500.png,斜邪褕泻懈褉褘
Image 501.png,褔械褔械薪褑褘
Image 502.png,写械褋褟褌泻懈
Image 503.png,写褉褍谐懈褏
Image 504.png,薪邪褉芯写芯胁
Image 505.png,胁薪芯褋褟褌
Image 506.png,胁泻谢邪写
Image 507.png,泻褍谢褜褌褍褉薪褍褞
Image 508.png,屑芯蟹邪懈泻褍
Image 509.png,褋褌褉邪薪褘
Image 510.png,袪褍褋褋泻懈泄
Image 511.png,褟蟹褘泻
Image 512.png,斜芯谐邪褌芯泄
Image 513.png,谢懈褌械褉邪褌褍褉薪芯泄
Image 514.png,褌褉邪写懈褑懈械泄
Image 515.png,褋谢褍卸懈褌
Image 516.png,褋褉械写褋褌胁芯屑
Image 517.png,芯斜褖械薪懈褟
Image 518.png,屑薪芯谐懈褏
Image 519.png,褉械谐懈芯薪邪褏
Image 520.png,褋芯褏褉邪薪褟褞褌褋褟
Image 521.png,褋胁芯懈
Image 522.png,褟蟹褘泻懈
Image 523.png,褌褉邪写懈褑懈懈
Image 524.png,袪褍褋褋泻邪褟
Image 525.png,锌褉邪胁芯褋谢邪胁薪邪褟
Image 526.png,褑械褉泻芯胁褜
Image 527.png,锌芯褋谢械
Image 528.png,写械褋褟褌懈谢械褌懈泄
Image 529.png,锌褉懈褌械褋薪械薪懈泄
Image 530.png,褋芯胁械褌褋泻芯械
Image 531.png,胁褉械屑褟
Image 532.png,锌械褉械卸懈胁邪械褌
Image 533.png,胁芯蟹褉芯卸写械薪懈械
Image 534.png,懈谐褉邪械褌
Image 535.png,胁邪卸薪褍褞
Image 536.png,褉芯谢褜
Image 537.png,褋芯胁褉械屑械薪薪芯泄
Image 538.png,卸懈蟹薪懈
Image 539.png,袪褍褋褋泻邪褟
Image 540.png,泻褍谢褜褌褍褉邪
Image 541.png,蟹薪邪屑械薪懈褌邪
Image 542.png,胁褋褢屑
Image 543.png,屑懈褉械
Image 544.png,芯褋芯斜械薪薪芯褋褌懈
Image 545.png,胁泻谢邪写芯屑
Image 546.png,谢懈褌械褉邪褌褍褉褍
Image 547.png,屑褍蟹褘泻褍
Image 548.png,斜邪谢械褌
Image 549.png,懈蟹芯斜褉邪蟹懈褌械谢褜薪芯械
Image 550.png,懈褋泻褍褋褋褌胁芯
Image 551.png,锌芯写邪褉懈谢
Image 552.png,屑懈褉褍
Image 553.png,谢懈褌械褉邪褌褍褉薪褘褏
Image 554.png,谐械薪懈械胁
Image 555.png,袗谢械泻褋邪薪写褉邪
Image 556.png,袩褍褕泻懈薪邪
Image 557.png,肖褢写芯褉邪
Image 558.png,袛芯褋褌芯械胁褋泻芯谐芯
Image 559.png,孝芯谢褋褌芯谐芯
Image 560.png,袗薪褌芯薪邪
Image 561.png,效械褏芯胁邪
Image 562.png,锌褉芯懈蟹胁械写械薪懈褟
Image 563.png,懈褋褋谢械写褍褞褌
Image 564.png,谐谢褍斜懈薪褘
Image 565.png,褔械谢芯胁械褔械褋泻芯泄
Image 566.png,写褍褕懈
Image 567.png,褔懈褌邪褞褌褋褟
Image 568.png,胁褋褢屑
Image 569.png,屑懈褉械
Image 570.png,屑褍蟹褘泻械
Image 571.png,效邪泄泻芯胁褋泻懈泄
Image 572.png,袪邪褏屑邪薪懈薪芯胁
Image 573.png,小褌褉邪胁懈薪褋泻懈泄
Image 574.png,芯褋褌邪胁懈谢懈
Image 575.png,薪械懈蟹谐谢邪写懈屑褘泄
Image 576.png,褋谢械写
Image 577.png,袪芯褋褋懈泄褋泻懈泄
Image 578.png,斜邪谢械褌
Image 579.png,胁芯锌谢芯褖褢薪薪褘泄
Image 580.png,袘芯谢褜褕懈屑
Image 581.png,袦邪褉懈懈薪褋泻懈屑
Image 582.png,褌械邪褌褉邪屑懈
Image 583.png,褋褔懈褌邪械褌褋褟
Image 584.png,芯写薪懈屑
Image 585.png,谢褍褔褕懈褏
Image 586.png,屑懈褉械
Image 587.png,袠蟹芯斜褉邪蟹懈褌械谢褜薪芯械
Image 588.png,懈褋泻褍褋褋褌胁芯
Image 589.png,写褉械胁薪懈褏
Image 590.png,懈泻芯薪
Image 591.png,邪胁邪薪谐邪褉写薪褘褏
Image 592.png,褌械褔械薪懈泄
Image 593.png,薪邪褔邪谢邪
Image 594.png,芯褌褉邪卸邪械褌
Image 595.png,褋谢芯卸薪褍褞
Image 596.png,懈褋褌芯褉懈褞
Image 597.png,写褍褏芯胁薪褘械
Image 598.png,锌芯懈褋泻懈
Image 599.png,褋褌褉邪薪褘
Image 600.png,小芯胁褉械屑械薪薪芯械
Image 601.png,褉芯褋褋懈泄褋泻芯械
Image 602.png,芯斜褖械褋褌胁芯
Image 603.png,褋芯褔械褌邪械褌
Image 604.png,褋械斜械
Image 605.png,褋褌邪褉芯械
Image 606.png,薪芯胁芯械
Image 607.png,袛褉邪屑邪褌懈褔械褋泻懈械
Image 608.png,锌械褉械屑械薪褘
Image 609.png,锌芯褋谢械写薪械谐芯
Image 610.png,芯褌褉邪蟹懈谢懈褋褜
Image 611.png,谐芯褉芯写邪褏
Image 612.png,褋械谢械
Image 613.png,袦芯褋泻胁邪
Image 614.png,小邪薪泻褌袩械褌械褉斜褍褉谐
Image 615.png,泻褉褍锌薪械泄褕懈械
Image 616.png,谐芯褉芯写邪
Image 617.png,褋褌褉邪薪褘
Image 618.png,褋芯胁褉械屑械薪薪褘械
Image 619.png,屑械谐邪锌芯谢懈褋褘
Image 620.png,屑懈褉芯胁褘屑懈
Image 621.png,屑褍蟹械褟屑懈
Image 622.png,褌械邪褌褉邪屑懈
Image 623.png,褍薪懈胁械褉褋懈褌械褌邪屑懈
Image 624.png,胁褉械屑褟
Image 625.png,屑薪芯谐懈械
Image 626.png,褋械谢褜褋泻懈械
Image 627.png,褉邪泄芯薪褘
Image 628.png,褋褌邪谢泻懈胁邪褞褌褋褟
Image 629.png,写械锌芯锌褍谢褟褑懈械泄
Image 630.png,褝泻芯薪芯屑懈褔械褋泻懈屑
Image 631.png,褍锌邪写泻芯屑
Image 632.png,褋褌邪谢芯
Image 633.png,褋谢械写褋褌胁懈械屑
Image 634.png,褋芯胁械褌褋泻懈褏
Image 635.png,锌芯褋褌褋芯胁械褌褋泻懈褏
Image 636.png,锌褉械芯斜褉邪蟹芯胁邪薪懈泄
Image 637.png,袩褉懈褉芯写邪
Image 638.png,袪芯褋褋懈懈
Image 639.png,胁锌械褔邪褌谢褟械褌
Image 640.png,屑械薪褜褕械
Image 641.png,懈褋褌芯褉懈褟
Image 642.png,校褉邪谢褜褋泻懈褏
Image 643.png,褌褉邪写懈褑懈芯薪薪芯泄
Image 644.png,谐褉邪薪懈褑褘
Image 645.png,屑械卸写褍
Image 646.png,袝胁褉芯锌芯泄
Image 647.png,袗蟹懈械泄
Image 648.png,芯谐褉芯屑薪褘褏
Image 649.png,谢械褋芯胁
Image 650.png,小懈斜懈褉懈
Image 651.png,斜械褉械谐芯胁
Image 652.png,袘邪泄泻邪谢邪
Image 653.png,褋邪屑芯谐芯
Image 654.png,谐谢褍斜芯泻芯谐芯
Image 655.png,芯蟹械褉邪
Image 656.png,屑懈褉械
Image 657.png,褋褌褉邪薪邪
Image 658.png,芯斜谢邪写邪械褌
Image 659.png,屑薪芯卸械褋褌胁芯屑
Image 660.png,锌褉懈褉芯写薪褘褏
Image 661.png,褋芯泻褉芯胁懈褖
Image 662.png,袣谢懈屑邪褌
Image 663.png,袪芯褋褋懈懈
Image 664.png,泻褉邪泄薪械
Image 665.png,褉邪蟹薪芯芯斜褉邪蟹械薪
Image 666.png,谢械写褟薪芯泄
Image 667.png,邪褉泻褌懈褔械褋泻芯泄
Image 668.png,褌褍薪写褉褘
Image 669.png,褋械胁械褉械
Image 670.png,斜芯谢械械
Image 671.png,褌褢锌谢褘褏
Image 672.png,褉械谐懈芯薪芯胁
Image 673.png,效褢褉薪芯谐芯
Image 674.png,屑芯褉褟
Image 675.png,肖谢芯褉邪
Image 676.png,褎邪褍薪邪
Image 677.png,褋褌芯谢褜
Image 678.png,褉邪蟹薪芯芯斜褉邪蟹薪褘
Image 679.png,芯写薪邪泻芯
Image 680.png,褝泻芯谢芯谐懈褔械褋泻懈械
Image 681.png,锌褉芯斜谢械屑褘
Image 682.png,蟹邪谐褉褟蟹薪械薪懈械
Image 683.png,胁褘褉褍斜泻邪
Image 684.png,谢械褋芯胁
Image 685.png,懈蟹屑械薪械薪懈械
Image 686.png,泻谢懈屑邪褌邪
Image 687.png,锌褉械写褋褌邪胁谢褟褞褌
Image 688.png,褋械褉褜褢蟹薪褍褞
Image 689.png,褍谐褉芯蟹褍
Image 690.png,协泻芯薪芯屑懈泻邪
Image 691.png,袪芯褋褋懈懈
Image 692.png,屑薪芯谐芯屑
Image 693.png,蟹邪胁懈褋懈褌
Image 694.png,锌褉懈褉芯写薪褘褏
Image 695.png,褉械褋褍褉褋芯胁
Image 696.png,锌褉械卸写械
Image 697.png,胁褋械谐芯
Image 698.png,薪械褎褌懈
Image 699.png,谐邪蟹邪
Image 700.png,协褌懈
Image 701.png,芯褌褉邪褋谢懈
Image 702.png,芯斜械褋锌械褔懈胁邪褞褌
Image 703.png,褝泻芯薪芯屑懈褔械褋泻懈泄
Image 704.png,褉芯褋褌
Image 705.png,写械谢邪褞褌
Image 706.png,褋褌褉邪薪褍
Image 707.png,褍褟蟹胁懈屑芯泄
Image 708.png,泻芯谢械斜邪薪懈褟屑
Image 709.png,屑懈褉芯胁褘褏
Image 710.png,褋褘褉褜褢
Image 711.png,小械谢褜褋泻芯械
Image 712.png,褏芯蟹褟泄褋褌胁芯
Image 713.png,锌褉芯屑褘褕谢械薪薪芯褋褌褜
Image 714.png,褌械褏薪芯谢芯谐懈懈
Image 715.png,褌邪泻卸械
Image 716.png,懈谐褉邪褞褌
Image 717.png,胁邪卸薪褍褞
Image 718.png,褉芯谢褜
Image 719.png,褏芯褌褟
Image 720.png,褍褋褌褍锌邪褞褌
Image 721.png,褝薪械褉谐械褌懈泻械
Image 722.png,谐谢芯斜邪谢褜薪芯泄
Image 723.png,泻芯薪泻褍褉械薪褌芯褋锌芯褋芯斜薪芯褋褌懈
Image 724.png,锌芯褋谢械写薪懈械
Image 725.png,谐芯写褘
Image 726.png,蟹邪锌邪写薪褘械
Image 727.png,褋邪薪泻褑懈懈
Image 728.png,胁胁械写褢薪薪褘械
Image 729.png,锌芯褋谢械
Image 730.png,锌褉懈褋芯械写懈薪械薪懈褟
Image 731.png,袣褉褘屑邪
Image 732.png,褍褔邪褋褌懈褟
Image 733.png,屑械卸写褍薪邪褉芯写薪褘褏
Image 734.png,泻芯薪褎谢懈泻褌邪褏
Image 735.png,斜芯谢褜褕械
Image 736.png,褍褋谢芯卸薪懈谢懈
Image 737.png,褝泻芯薪芯屑懈褔械褋泻褍褞
Image 738.png,褋懈褌褍邪褑懈褞
Image 739.png,袙薪械褕薪褟褟
Image 740.png,锌芯谢懈褌懈泻邪
Image 741.png,袪芯褋褋懈懈
Image 742.png,芯锌褉械写械谢褟械褌褋褟
Image 743.png,褋褌褉械屑谢械薪懈械屑
Image 744.png,褍褌胁械褉写懈褌褜
Image 745.png,褋褌邪褌褍褋
Image 746.png,胁械谢懈泻芯泄
Image 747.png,写械褉卸邪胁褘
Image 748.png,蟹邪褖懈褖邪褌褜
Image 749.png,褋胁芯懈
Image 750.png,懈薪褌械褉械褋褘
Image 751.png,褌褉邪写懈褑懈芯薪薪芯泄
Image 752.png,胁谢懈褟薪懈褟
Image 753.png,锌褉懈胁芯写懈褌
Image 754.png,薪械锌褉芯褋褌褘屑
Image 755.png,芯褌薪芯褕械薪懈褟屑
Image 756.png,褋芯褋械写褟屑懈
Image 757.png,袟邪锌邪写芯屑
Image 758.png,校褔邪褋褌懈械
Image 759.png,袪芯褋褋懈懈
Image 760.png,泻芯薪褎谢懈泻褌邪褏
Image 761.png,校泻褉邪懈薪械
Image 762.png,小懈褉懈懈
Image 763.png,褌邪泻卸械
Image 764.png,芯斜胁懈薪械薪懈褟
Image 765.png,泻懈斜械褉邪褌邪泻邪褏
Image 766.png,懈薪褎芯褉屑邪褑懈芯薪薪褘褏
Image 767.png,泻邪屑锌邪薪懈褟褏
Image 768.png,褍褋懈谢懈谢懈
Image 769.png,薪邪锌褉褟卸褢薪薪芯褋褌褜
Image 770.png,袝胁褉芯褋芯褞蟹芯屑
Image 771.png,褝褌芯屑
Image 772.png,袪芯褋褋懈褟
Image 773.png,褋褌褉械屑懈褌褋褟
Image 774.png,褋斜谢懈卸械薪懈褞
Image 775.png,袣懈褌邪械屑
Image 776.png,写褉褍谐懈屑懈
Image 777.png,薪械蟹邪锌邪写薪褘屑懈
Image 778.png,褋褌褉邪薪邪屑懈
Image 779.png,锌芯蟹懈褑懈芯薪懈褉褍褟
Image 780.png,褋械斜褟
Image 781.png,泻谢褞褔械胁芯谐芯
Image 782.png,懈谐褉芯泻邪
Image 783.png,屑薪芯谐芯锌芯谢褟褉薪芯屑
Image 784.png,屑懈褉械
Image 785.png,袧械褋屑芯褌褉褟
Image 786.png,屑薪芯谐芯褔懈褋谢械薪薪褘械
Image 787.png,褌褉褍写薪芯褋褌懈
Image 788.png,袪芯褋褋懈褟
Image 789.png,芯褋褌邪褢褌褋褟
Image 790.png,褋褌褉邪薪芯泄
Image 791.png,芯谐褉芯屑薪芯谐芯
Image 792.png,锌芯褌械薪褑懈邪谢邪
Image 793.png,褍褋褌芯泄褔懈胁芯褋褌懈
Image 794.png,薪邪褉芯写
Image 795.png,锌械褉械卸懈谢
Image 796.png,胁芯泄薪褘
Image 797.png,褉械胁芯谢褞褑懈懈
Image 798.png,谢懈褕械薪懈褟
Image 799.png,褋芯蟹写邪谢
Image 800.png,胁褘写邪褞褖懈械褋褟
Image 801.png,写芯褋褌懈卸械薪懈褟
Image 802.png,薪邪褍泻械
Image 803.png,泻褍谢褜褌褍褉械
Image 804.png,懈褋泻褍褋褋褌胁械
Image 805.png,袪芯褋褋懈泄褋泻邪褟
Image 806.png,泻芯褋屑懈褔械褋泻邪褟
Image 807.png,锌褉芯谐褉邪屑屑邪
Image 808.png,锌械褉胁芯泄
Image 809.png,芯褌锌褉邪胁懈胁褕邪褟
Image 810.png,褔械谢芯胁械泻邪
Image 811.png,泻芯褋屑芯褋
Image 812.png,挟褉懈褟
Image 813.png,袚邪谐邪褉懈薪邪
Image 814.png,褋械谐芯写薪褟
Image 815.png,懈谐褉邪械褌
Image 816.png,胁邪卸薪褍褞
Image 817.png,褉芯谢褜
Image 818.png,屑懈褉芯胁芯泄
Image 819.png,泻芯褋屑芯薪邪胁褌懈泻械
Image 820.png,袨斜褉邪蟹芯胁邪薪懈械
Image 821.png,薪邪褍泻邪
Image 822.png,胁褋械谐写邪
Image 823.png,胁褘褋芯泻芯
Image 824.png,褑械薪懈谢懈褋褜
Image 825.png,褉芯褋褋懈泄褋泻芯屑
Image 826.png,芯斜褖械褋褌胁械
Image 827.png,小褌褉邪薪邪
Image 828.png,屑芯卸械褌
Image 829.png,谐芯褉写懈褌褜褋褟
Image 830.png,屑薪芯谐芯褔懈褋谢械薪薪褘屑懈
Image 831.png,褍薪懈胁械褉褋懈褌械褌邪屑懈
Image 832.png,薪邪褍褔薪芯懈褋褋谢械写芯胁邪褌械谢褜褋泻懈屑懈
Image 833.png,懈薪褋褌懈褌褍褌邪屑懈
Image 834.png,褉芯褋褋懈泄褋泻懈械
Image 835.png,屑邪褌械屑邪褌懈泻懈
Image 836.png,褎懈蟹懈泻懈
Image 837.png,懈薪卸械薪械褉褘
Image 838.png,胁薪械褋谢懈
Image 839.png,蟹薪邪褔懈褌械谢褜薪褘泄
Image 840.png,胁泻谢邪写
Image 841.png,屑懈褉芯胁褍褞
Image 842.png,薪邪褍泻褍
Image 843.png,屑械薪械械
Image 844.png,褋懈褋褌械屑邪
Image 845.png,芯斜褉邪蟹芯胁邪薪懈褟
Image 846.png,褋褌邪谢泻懈胁邪械褌褋褟
Image 847.png,锌褉芯斜谢械屑邪屑懈
Image 848.png,薪械写芯褋褌邪褌芯褔薪褘屑
Image 849.png,褎懈薪邪薪褋懈褉芯胁邪薪懈械屑
Image 850.png,褍褌械褔泻芯泄
Image 851.png,屑芯蟹谐芯胁
Image 852.png,薪械芯斜褏芯写懈屑芯褋褌褜褞
Image 853.png,屑芯写械褉薪懈蟹懈褉芯胁邪褌褜
Image 854.png,锌褉芯谐褉邪屑屑褘
Image 855.png,芯斜褍褔械薪懈褟
Image 856.png,褌褉械斜芯胁邪薪懈褟
Image 857.png,屑械薪褟褞褖械谐芯褋褟
Image 858.png,屑懈褉邪
Image 859.png,袩芯胁褋械写薪械胁薪邪褟
Image 860.png,卸懈蟹薪褜
Image 861.png,袪芯褋褋懈懈
Image 862.png,薪邪锌芯谢薪械薪邪
Image 863.png,褔褍胁褋褌胁芯屑
Image 864.png,芯斜褖薪芯褋褌懈
Image 865.png,褌褉邪写懈褑懈褟屑懈
Image 866.png,小械屑褜褟
Image 867.png,芯褋褌邪褢褌褋褟
Image 868.png,胁邪卸薪械泄褕懈屑
Image 869.png,懈薪褋褌懈褌褍褌芯屑
Image 870.png,谐芯褋褌械锌褉懈懈屑褋褌胁芯
Image 871.png,芯写薪芯泄
Image 872.png,芯褋薪芯胁薪褘褏
Image 873.png,褑械薪薪芯褋褌械泄
Image 874.png,袪褍褋褋泻邪褟
Image 875.png,泻褍褏薪褟
Image 876.png,芯褌褉邪卸邪械褌
Image 877.png,谐械芯谐褉邪褎懈褞
Image 878.png,懈褋褌芯褉懈褞
Image 879.png,褋褌褉邪薪褘
Image 880.png,斜芯褉褖
Image 881.png,锌械谢褜屑械薪懈
Image 882.png,斜谢懈薪褘
Image 883.png,懈泻褉邪
Image 884.png,谢褞斜懈屑褘
Image 885.png,褍谐芯谢泻邪褏
Image 886.png,袪芯褋褋懈懈
Image 887.png,效邪械锌懈褌懈械
Image 888.png,胁邪卸薪褘泄
Image 889.png,褋芯褑懈邪谢褜薪褘泄
Image 890.png,褉懈褌褍邪谢
Image 891.png,褔邪褋褌芯
Image 892.png,褋芯锌褉芯胁芯卸写邪褞褖懈泄褋褟
Image 893.png,褋谢邪写芯褋褌褟屑懈
Image 894.png,胁褘锌械褔泻芯泄
Image 895.png,袩褉邪蟹写薪懈泻懈
Image 896.png,褎械褋褌懈胁邪谢懈
Image 897.png,褉械谢懈谐懈芯蟹薪褘械
Image 898.png,褋胁械褌褋泻懈械
Image 899.png,芯褌屑械褔邪褞褌褋褟
Image 900.png,褉邪蟹屑邪褏芯屑
Image 901.png,袧芯胁芯谐芯
Image 902.png,袩芯斜械写褘
Image 903.png,袦邪褋谢械薪懈褑褘
Image 904.png,褌褉邪写懈褑懈芯薪薪芯谐芯
Image 905.png,锌褉邪蟹写薪懈泻邪
Image 906.png,锌褉芯胁芯写芯胁
Image 907.png,蟹懈屑褘
Image 908.png,锌芯褋谢械写薪懈械
Image 909.png,谐芯写褘
Image 910.png,袪芯褋褋懈褟
Image 911.png,褋褌芯谢泻薪褍谢邪褋褜
Image 912.png,褋械褉褜褢蟹薪褘屑懈
Image 913.png,写械屑芯谐褉邪褎懈褔械褋泻懈屑懈
Image 914.png,胁褘蟹芯胁邪屑懈
Image 915.png,袧邪褋械谢械薪懈械
Image 916.png,褋芯泻褉邪褖邪械褌褋褟
Image 917.png,薪懈蟹泻芯泄
Image 918.png,褉芯卸写邪械屑芯褋褌懈
Image 919.png,胁褘褋芯泻芯泄
Image 920.png,褋屑械褉褌薪芯褋褌懈
Image 921.png,褝屑懈谐褉邪褑懈懈
Image 922.png,袩褉邪胁懈褌械谢褜褋褌胁芯
Image 923.png,锌褉械写锌褉懈薪懈屑邪械褌
Image 924.png,屑械褉褘
Image 925.png,锌芯写写械褉卸泻械
Image 926.png,褋械屑械泄
Image 927.png,褍谢褍褔褕械薪懈褞
Image 928.png,褋懈褋褌械屑褘
Image 929.png,蟹写褉邪胁芯芯褏褉邪薪械薪懈褟
Image 930.png,芯写薪邪泻芯
Image 931.png,写械屑芯谐褉邪褎懈褔械褋泻懈泄
Image 932.png,泻褉懈蟹懈褋
Image 933.png,芯褋褌邪褢褌褋褟
Image 934.png,褋谢芯卸薪芯泄
Image 935.png,锌褉芯斜谢械屑芯泄
Image 936.png,袦懈谐褉邪褑懈褟
Image 937.png,斜褘胁褕懈褏
Image 938.png,褋芯胁械褌褋泻懈褏
Image 939.png,褉械褋锌褍斜谢懈泻
Image 940.png,褔邪褋褌懈褔薪芯
Image 941.png,泻芯屑锌械薪褋懈褉褍械褌
Image 942.png,褍斜褘谢褜
Image 943.png,薪邪褋械谢械薪懈褟
Image 944.png,褋锌芯褋芯斜褋褌胁褍械褌
Image 945.png,屑薪芯谐芯薪邪褑懈芯薪邪谢褜薪芯屑褍
Image 946.png,褏邪褉邪泻褌械褉褍
Image 947.png,褋褌褉邪薪褘
Image 948.png,卸械薪褖懈薪
Image 949.png,袪芯褋褋懈懈
Image 950.png,屑械薪褟谢邪褋褜
Image 951.png,胁褉械屑械薪械屑
Image 952.png,懈谐褉邪褞褌
Image 953.png,胁邪卸薪褍褞
Image 954.png,褉芯谢褜
Image 955.png,褝泻芯薪芯屑懈泻械
Image 956.png,芯斜褉邪蟹芯胁邪薪懈懈
Image 957.png,芯斜褖械褋褌胁械薪薪芯泄
Image 958.png,卸懈蟹薪懈
Image 959.png,袨写薪邪泻芯
Image 960.png,褌褉邪写懈褑懈芯薪薪褘械
Image 961.png,胁蟹谐谢褟写褘
Image 962.png,褋芯褏褉邪薪褟褞褌褋褟
Image 963.png,褌邪泻懈械
Image 964.png,胁芯锌褉芯褋褘
Image 965.png,谐械薪写械褉薪芯械
Image 966.png,褉邪胁械薪褋褌胁芯
Image 967.png,写芯屑邪褕薪械械
Image 968.png,薪邪褋懈谢懈械
Image 969.png,锌褉械写褋褌邪胁懈褌械谢褜褋褌胁芯
Image 970.png,卸械薪褖懈薪
Image 971.png,芯褋褌邪褞褌褋褟
Image 972.png,锌褉械写屑械褌芯屑
Image 973.png,芯斜褖械褋褌胁械薪薪芯谐芯
Image 974.png,芯斜褋褍卸写械薪懈褟
Image 975.png,谐芯褋褍写邪褉褋褌胁械薪薪芯泄
Image 976.png,锌芯谢懈褌懈泻懈
Image 977.png,孝械褏薪芯谢芯谐懈懈
Image 978.png,懈薪褌械褉薪械褌
Image 979.png,锌褉械芯斜褉邪蟹懈谢懈
Image 980.png,褉芯褋褋懈泄褋泻芯械
Image 981.png,芯斜褖械褋褌胁芯
Image 982.png,芯褋芯斜械薪薪芯
Image 983.png,褋褉械写懈
Image 984.png,屑芯谢芯写褢卸懈
Image 985.png,小芯褑懈邪谢褜薪褘械
Image 986.png,褋械褌懈
Image 987.png,芯薪谢邪泄薪薪芯胁芯褋褌懈
Image 988.png,褑懈褎褉芯胁褘械
Image 989.png,褉邪蟹胁谢械褔械薪懈褟
Image 990.png,褕懈褉芯泻芯
Image 991.png,褉邪褋锌褉芯褋褌褉邪薪械薪褘
Image 992.png,褏芯褌褟
Image 993.png,谐芯褋褍写邪褉褋褌胁芯
Image 994.png,褍卸械褋褌芯褔邪械褌
Image 995.png,泻芯薪褌褉芯谢褜
Image 996.png,懈薪褌械褉薪械褌泻芯薪褌械薪褌芯屑
Image 997.png,斜芯褉褜斜褍
Image 998.png,懈薪邪泻芯屑褘褋谢懈械屑
Image 999.png,袧邪锌褉褟卸褢薪薪芯褋褌褜
Image 1000.png,屑械卸写褍
Image 1001.png,芯褌泻褉褘褌芯褋褌褜褞
Image 1002.png,泻芯薪褌褉芯谢械屑
Image 1003.png,锌芯褋褌芯褟薪薪邪褟
Image 1004.png,褉芯褋褋懈泄褋泻芯泄
Image 1005.png,懈褋褌芯褉懈懈
Image 1006.png,薪邪褏芯写褟褖邪褟
Image 1007.png,芯褌褉邪卸械薪懈械
Image 1008.png,褋芯胁褉械屑械薪薪褘褏
Image 1009.png,褋锌芯褉邪褏
Image 1010.png,褋胁芯斜芯写械
Image 1011.png,褋谢芯胁邪
Image 1012.png,谐褉邪卸写邪薪褋泻芯屑
Image 1013.png,芯斜褖械褋褌胁械
Image 1014.png,袘褍写褍褖械械
Image 1015.png,袪芯褋褋懈懈
Image 1016.png,芯褋褌邪褢褌褋褟
Image 1017.png,薪械芯锌褉械写械谢褢薪薪褘屑
Image 1018.png,褎芯褉屑懈褉褍褞褌
Image 1019.png,胁薪褍褌褉械薪薪懈械
Image 1020.png,锌褉芯褑械褋褋褘
Image 1021.png,屑懈褉芯胁褘械
Image 1022.png,褌械薪写械薪褑懈懈
Image 1023.png,袛懈胁械褉褋懈褎懈泻邪褑懈褟
Image 1024.png,褝泻芯薪芯屑懈泻懈
Image 1025.png,褌械褏薪芯谢芯谐懈褔械褋泻懈械
Image 1026.png,懈薪薪芯胁邪褑懈懈
Image 1027.png,锌芯谢懈褌懈褔械褋泻懈械
Image 1028.png,褉械褎芯褉屑褘
Image 1029.png,褋褔懈褌邪褞褌褋褟
Image 1030.png,薪械芯斜褏芯写懈屑褘屑懈
Image 1031.png,写芯谢谐芯褋褉芯褔薪芯泄
Image 1032.png,褋褌邪斜懈谢褜薪芯褋褌懈
Image 1033.png,锌褉芯褑胁械褌邪薪懈褟
Image 1034.png,胁褉械屑褟
Image 1035.png,褌邪泻懈械
Image 1036.png,锌褉芯斜谢械屑褘
Image 1037.png,泻芯褉褉褍锌褑懈褟
Image 1038.png,薪械褉邪胁械薪褋褌胁芯
Image 1039.png,褋褌邪褉械薪懈械
Image 1040.png,薪邪褋械谢械薪懈褟
Image 1041.png,褋芯蟹写邪褞褌
Image 1042.png,褋械褉褜褢蟹薪褘械
Image 1043.png,褉懈褋泻懈
Image 1044.png,袨褌薪芯褕械薪懈褟
Image 1045.png,褋褌褉邪薪褘
Image 1046.png,袟邪锌邪写芯屑
Image 1047.png,胁械褉芯褟褌薪芯
Image 1048.png,芯褋褌邪薪褍褌褋褟
Image 1049.png,褋谢芯卸薪褘屑懈
Image 1050.png,褝谢械屑械薪褌邪屑懈
Image 1051.png,褋芯褌褉褍写薪懈褔械褋褌胁邪
Image 1052.png,褋芯锌械褉薪懈褔械褋褌胁邪
Image 1053.png,蟹邪泻谢褞褔械薪懈械
Image 1054.png,屑芯卸薪芯
Image 1055.png,褋泻邪蟹邪褌褜
Image 1056.png,袪芯褋褋懈褟
Image 1057.png,褋褌褉邪薪邪
Image 1058.png,泻芯薪褌褉邪褋褌芯胁
Image 1059.png,锌褉芯褌懈胁芯褉械褔懈泄
Image 1060.png,写褉械胁薪褟褟
Image 1061.png,褋芯胁褉械屑械薪薪邪褟
Image 1062.png,械胁褉芯锌械泄褋泻邪褟
Image 1063.png,褍薪懈泻邪谢褜薪邪褟
Image 1064.png,锌褉芯褕械写褕邪褟
Image 1065.png,褔械褉械蟹
Image 1066.png,褌褉褍写薪芯褋褌懈
Image 1067.png,褋芯褏褉邪薪懈胁褕邪褟
Image 1068.png,褍写懈胁懈褌械谢褜薪褍褞
Image 1069.png,泻褉械邪褌懈胁薪芯褋褌褜
Image 1070.png,褋褌芯泄泻芯褋褌褜
Image 1071.png,薪械芯斜褗褟褌薪邪褟
Image 1072.png,谐械芯谐褉邪褎懈褟
Image 1073.png,斜褍褉薪邪褟
Image 1074.png,懈褋褌芯褉懈褟
Image 1075.png,斜芯谐邪褌邪褟
Image 1076.png,泻褍谢褜褌褍褉邪
Image 1077.png,褋芯蟹写邪谢懈
Image 1078.png,芯斜褖械褋褌胁芯
Image 1079.png,懈屑械褞褖械械
Image 1080.png,邪薪邪谢芯谐芯胁
Image 1081.png,袪械褕邪褟
Image 1082.png,蟹邪写邪褔懈
Image 1083.png,胁械泻邪
Image 1084.png,袪芯褋褋懈褟
Image 1085.png,芯褋褌邪褢褌褋褟
Image 1086.png,泻谢褞褔械胁褘屑
Image 1087.png,懈谐褉芯泻芯屑
Image 1088.png,屑懈褉芯胁芯泄
Image 1089.png,邪褉械薪械
Image 1090.png,写械泄褋褌胁懈褟
Image 1091.png,写芯褋褌懈卸械薪懈褟
Image 1092.png,褋褌褉械屑谢械薪懈褟
Image 1093.png,写芯谢谐芯
Image 1094.png,斜褍写褍褌
Image 1095.png,胁谢懈褟褌褜
Image 1096.png,屑懈褉芯胁芯泄
Image 1097.png,锌芯褉褟写芯泻
Image 1098.png,袠屑屑懈谐褉邪褑懈褟
Image 1099.png,褟胁谢械薪懈械
Image 1100.png,褎芯褉屑懈褉芯胁邪谢芯
Image 1101.png,芯斜褖械褋褌胁邪
Image 1102.png,褑懈胁懈谢懈蟹邪褑懈懈
Image 1103.png,锌褉芯褌褟卸械薪懈懈
Image 1104.png,胁械泻芯胁
Image 1105.png,锌褉械写褋褌邪胁谢褟械褌
Image 1106.png,褋芯斜芯泄
Image 1107.png,锌械褉械屑械褖械薪懈械
Image 1108.png,谢褞写械泄
Image 1109.png,芯写薪芯泄
Image 1110.png,褋褌褉邪薪褘
Image 1111.png,写褉褍谐褍褞
Image 1112.png,薪邪屑械褉械薪懈械屑
Image 1113.png,胁褉械屑械薪薪芯
Image 1114.png,锌芯褋褌芯褟薪薪芯
Image 1115.png,芯斜芯褋薪芯胁邪褌褜褋褟
Image 1116.png,薪芯胁芯屑
Image 1117.png,屑械褋褌械
Image 1118.png,袦芯褌懈胁褘
Image 1119.png,懈屑屑懈谐褉邪褑懈懈
Image 1120.png,褋谢芯卸薪褘
Image 1121.png,褉邪蟹薪芯芯斜褉邪蟹薪褘
Image 1122.png,褝泻芯薪芯屑懈褔械褋泻懈械
Image 1123.png,胁芯蟹屑芯卸薪芯褋褌懈
Image 1124.png,胁芯褋褋芯械写懈薪械薪懈械
Image 1125.png,褋械屑褜褢泄
Image 1126.png,斜械谐褋褌胁芯
Image 1127.png,锌褉械褋谢械写芯胁邪薪懈泄
Image 1128.png,泻芯薪褎谢懈泻褌芯胁
Image 1129.png,锌芯谢褍褔械薪懈械
Image 1130.png,芯斜褉邪蟹芯胁邪薪懈褟
Image 1131.png,褋褌褉械屑谢械薪懈械
Image 1132.png,谢褍褔褕械屑褍
Image 1133.png,泻邪褔械褋褌胁褍
Image 1134.png,卸懈蟹薪懈
Image 1135.png,褋芯胁褉械屑械薪薪芯屑
Image 1136.png,胁蟹邪懈屑芯褋胁褟蟹邪薪薪芯屑
Image 1137.png,屑懈褉械
Image 1138.png,懈屑屑懈谐褉邪褑懈褟
Image 1139.png,芯褋褌邪褢褌褋褟
Image 1140.png,褌械屑芯泄
Image 1141.png,蟹薪邪褔懈褌械谢褜薪芯泄
Image 1142.png,锌芯谢懈褌懈褔械褋泻芯泄
Image 1143.png,褋芯褑懈邪谢褜薪芯泄
Image 1144.png,褝泻芯薪芯屑懈褔械褋泻芯泄
Image 1145.png,胁邪卸薪芯褋褌懈
Image 1146.png,芯泻邪蟹褘胁邪褟
Image 1147.png,胁谢懈褟薪懈械
Image 1148.png,褋褌褉邪薪褘
Image 1149.png,锌褉懈薪懈屑邪褞褖懈械
Image 1150.png,懈屑屑懈谐褉邪薪褌芯胁
Image 1151.png,褋褌褉邪薪褘
Image 1152.png,芯褌泻褍写邪
Image 1153.png,褍械蟹卸邪褞褌
Image 1154.png,袠褋褌芯褉懈褔械褋泻懈
Image 1155.png,懈屑屑懈谐褉邪褑懈褟
Image 1156.png,懈谐褉邪谢邪
Image 1157.png,泻谢褞褔械胁褍褞
Image 1158.png,褉芯谢褜
Image 1159.png,褉邪蟹胁懈褌懈懈
Image 1160.png,谐芯褋褍写邪褉褋褌胁
Image 1161.png,袧邪锌褉懈屑械褉
Image 1162.png,褔邪褋褌芯
Image 1163.png,薪邪蟹褘胁邪褞褌
Image 1164.png,薪邪褑懈械泄
Image 1165.png,懈屑屑懈谐褉邪薪褌芯胁
Image 1166.png,胁芯谢薪褘
Image 1167.png,锌褉懈斜褘胁褕懈褏
Image 1168.png,袝胁褉芯锌褘
Image 1169.png,袗蟹懈懈
Image 1170.png,袗褎褉懈泻懈
Image 1171.png,袥邪褌懈薪褋泻芯泄
Image 1172.png,袗屑械褉懈泻懈
Image 1173.png,褋锌芯褋芯斜褋褌胁芯胁邪谢懈
Image 1174.png,泻褍谢褜褌褍褉薪芯屑褍
Image 1175.png,褉邪蟹薪芯芯斜褉邪蟹懈褞
Image 1176.png,褝泻芯薪芯屑懈褔械褋泻芯屑褍
Image 1177.png,褉芯褋褌褍
Image 1178.png,褋褌褉邪薪褘
Image 1179.png,袗薪邪谢芯谐懈褔薪芯
Image 1180.png,褌邪泻懈械
Image 1181.png,褋褌褉邪薪褘
Image 1182.png,袣邪薪邪写邪
Image 1183.png,袗胁褋褌褉邪谢懈褟
Image 1184.png,袗褉谐械薪褌懈薪邪
Image 1185.png,胁芯
Image 1186.png,屑薪芯谐芯屑
Image 1187.png,褋褎芯褉屑懈褉芯胁邪薪褘
Image 1188.png,屑邪褋褋芯胁芯泄
Image 1189.png,懈屑屑懈谐褉邪褑懈械泄
Image 1190.png,锌褉懈胁械谢芯
Image 1191.png,锌芯褟胁谢械薪懈褞
Image 1192.png,屑褍谢褜褌懈泻褍谢褜褌褍褉薪褘褏
Image 1193.png,芯斜褖械褋褌胁
Image 1194.png,褕懈褉芯泻懈屑
Image 1195.png,褋锌械泻褌褉芯屑
Image 1196.png,褌褉邪写懈褑懈泄
Image 1197.png,褟蟹褘泻芯胁
Image 1198.png,胁械褉芯胁邪薪懈泄
Image 1199.png,袩褉懈褔懈薪褘
Image 1200.png,泻芯褌芯褉褘屑
Image 1201.png,谢褞写懈
Image 1202.png,褉械褕邪褞褌
Image 1203.png,锌芯泻懈薪褍褌褜
Image 1204.png,褉芯写懈薪褍
Image 1205.png,芯斜褘褔薪芯
Image 1206.png,写械谢褟褌
Image 1207.png,芯褌褌邪谢泻懈胁邪褞褖懈械
Image 1208.png,锌褉懈褌褟谐懈胁邪褞褖懈械
Image 1209.png,褎邪泻褌芯褉褘
Image 1210.png,袨褌褌邪谢泻懈胁邪褞褖懈械
Image 1211.png,芯斜褋褌芯褟褌械谢褜褋褌胁邪
Image 1212.png,胁褘薪褍卸写邪褞褌
Image 1213.png,谢褞写械泄
Image 1214.png,褍械蟹卸邪褌褜
Image 1215.png,胁芯泄薪褘
Image 1216.png,斜械写薪芯褋褌褜
Image 1217.png,锌芯谢懈褌懈褔械褋泻邪褟
Image 1218.png,薪械褋褌邪斜懈谢褜薪芯褋褌褜
Image 1219.png,锌褉懈褉芯写薪褘械
Image 1220.png,泻邪褌邪褋褌褉芯褎褘
Image 1221.png,芯褌褋褍褌褋褌胁懈械
Image 1222.png,锌械褉褋锌械泻褌懈胁
Image 1223.png,袩褉懈褌褟谐懈胁邪褞褖懈械
Image 1224.png,褎邪泻褌芯褉褘
Image 1225.png,屑邪薪褟褌
Image 1226.png,写褉褍谐褍褞
Image 1227.png,褋褌褉邪薪褍
Image 1228.png,谢褍褔褕懈械
Image 1229.png,褉邪斜芯褔懈械
Image 1230.png,屑械褋褌邪
Image 1231.png,褋褌邪斜懈谢褜薪芯褋褌褜
Image 1232.png,斜械蟹芯锌邪褋薪芯褋褌褜
Image 1233.png,胁褘褋芯泻懈泄
Image 1234.png,褍褉芯胁械薪褜
Image 1235.png,卸懈蟹薪懈
Image 1236.png,袧邪锌褉懈屑械褉
Image 1237.png,泻芯薪褑械
Image 1238.png,薪邪褔邪谢械
Image 1239.png,屑懈谢谢懈芯薪芯胁
Image 1240.png,械胁褉芯锌械泄褑械胁
Image 1241.png,锌芯泻懈薪褍谢懈
Image 1242.png,褋胁芯懈
Image 1243.png,褋褌褉邪薪褘
Image 1244.png,褝泻芯薪芯屑懈褔械褋泻懈褏
Image 1245.png,褌褉褍写薪芯褋褌械泄
Image 1246.png,锌芯谢懈褌懈褔械褋泻懈褏
Image 1247.png,胁芯谢薪械薪懈泄
Image 1248.png,薪邪写械褟褋褜
Image 1249.png,薪邪褔邪褌褜
Image 1250.png,薪芯胁褍褞
Image 1251.png,卸懈蟹薪褜
Image 1252.png,小械胁械褉薪芯泄
Image 1253.png,袗屑械褉懈泻械
Image 1254.png,写褉褍谐懈褏
Image 1255.png,褉械谐懈芯薪邪褏
Image 1256.png,袠屑屑懈谐褉邪褑懈褟
Image 1257.png,锌褉懈薪芯褋懈褌
Image 1258.png,薪械屑邪谢芯
Image 1259.png,锌褉械懈屑褍褖械褋褌胁
Image 1260.png,褋褌褉邪薪邪屑
Image 1261.png,泻芯褌芯褉褘械
Image 1262.png,锌褉懈薪懈屑邪褞褌
Image 1263.png,薪芯胁褘褏
Image 1264.png,卸懈褌械谢械泄
Image 1265.png,协泻芯薪芯屑懈褔械褋泻芯屑
Image 1266.png,锌谢邪薪械
Image 1267.png,懈屑屑懈谐褉邪薪褌褘
Image 1268.png,褔邪褋褌芯
Image 1269.png,胁芯褋锌芯谢薪褟褞褌
Image 1270.png,薪械褏胁邪褌泻褍
Image 1271.png,褉邪斜芯褔械泄
Image 1272.png,褋懈谢褘
Image 1273.png,胁薪芯褋褟褌
Image 1274.png,胁泻谢邪写
Image 1275.png,懈薪薪芯胁邪褑懈懈
Image 1276.png,芯褌泻褉褘胁邪褞褌
Image 1277.png,薪芯胁褘械
Image 1278.png,锌褉械写锌褉懈褟褌懈褟
Image 1279.png,袦薪芯卸械褋褌胁芯
Image 1280.png,褝泻芯薪芯屑懈泻
Image 1281.png,蟹邪胁懈褋懈褌
Image 1282.png,褌褉褍写邪
Image 1283.png,屑懈谐褉邪薪褌芯胁
Image 1284.png,褋械谢褜褋泻芯屑
Image 1285.png,褏芯蟹褟泄褋褌胁械
Image 1286.png,褋褌褉芯懈褌械谢褜褋褌胁械
Image 1287.png,蟹写褉邪胁芯芯褏褉邪薪械薪懈懈
Image 1288.png,褌械褏薪芯谢芯谐懈褟褏
Image 1289.png,袠褋褋谢械写芯胁邪薪懈褟
Image 1290.png,锌芯泻邪蟹褘胁邪褞褌
Image 1291.png,写芯谢谐芯褋褉芯褔薪芯泄
Image 1292.png,锌械褉褋锌械泻褌懈胁械
Image 1293.png,懈屑屑懈谐褉邪薪褌褘
Image 1294.png,锌谢邪褌褟褌
Image 1295.png,斜芯谢褜褕械
Image 1296.png,薪邪谢芯谐芯胁
Image 1297.png,锌芯谢褍褔邪褞褌
Image 1298.png,谐芯褋褍写邪褉褋褌胁械薪薪褘褏
Image 1299.png,锌芯褋芯斜懈泄
Image 1300.png,锌褉械写锌褉懈薪懈屑邪褌械谢褜褋泻懈泄
Image 1301.png,写褍褏
Image 1302.png,屑芯卸械褌
Image 1303.png,芯卸懈胁懈褌褜
Image 1304.png,褍斜褘胁邪褞褖懈械
Image 1305.png,褉械谐懈芯薪褘
Image 1306.png,袣褍谢褜褌褍褉薪芯
Image 1307.png,懈屑屑懈谐褉邪褑懈褟
Image 1308.png,芯斜芯谐邪褖邪械褌
Image 1309.png,芯斜褖械褋褌胁邪
Image 1310.png,锌褉懈薪芯褋褟
Image 1311.png,薪芯胁褘械
Image 1312.png,泻褍褏薪懈
Image 1313.png,懈褋泻褍褋褋褌胁芯
Image 1314.png,屑褍蟹褘泻褍
Image 1315.png,褌褉邪写懈褑懈懈
Image 1316.png,袙褋褢
Image 1317.png,褋锌芯褋芯斜褋褌胁褍械褌
Image 1318.png,褉邪蟹胁懈褌懈褞
Image 1319.png,褌芯谢械褉邪薪褌薪芯褋褌懈
Image 1320.png,泻褉械邪褌懈胁薪芯褋褌懈
Image 1321.png,谐谢芯斜邪谢褜薪芯屑褍
Image 1322.png,胁蟹邪懈屑芯锌芯薪懈屑邪薪懈褞
Image 1323.png,袨写薪邪泻芯
Image 1324.png,懈屑屑懈谐褉邪褑懈褟
Image 1325.png,屑芯卸械褌
Image 1326.png,褋芯蟹写邪胁邪褌褜
Image 1327.png,芯锌褉械写械谢褢薪薪褘械
Image 1328.png,褌褉褍写薪芯褋褌懈
Image 1329.png,袠薪褌械谐褉邪褑懈褟
Image 1330.png,薪芯胁褘褏
Image 1331.png,谐褉邪卸写邪薪
Image 1332.png,斜褘胁邪械褌
Image 1333.png,褋谢芯卸薪芯泄
Image 1334.png,芯褋芯斜械薪薪芯
Image 1335.png,褉邪蟹谢懈褔懈褟
Image 1336.png,褟蟹褘泻械
Image 1337.png,褉械谢懈谐懈懈
Image 1338.png,芯斜褘褔邪褟褏
Image 1339.png,蟹薪邪褔懈褌械谢褜薪褘
Image 1340.png,袘褘褋褌褉褘械
Image 1341.png,写械屑芯谐褉邪褎懈褔械褋泻懈械
Image 1342.png,锌械褉械屑械薪褘
Image 1343.png,屑芯谐褍褌
Image 1344.png,锌褉懈胁芯写懈褌褜
Image 1345.png,褋芯褑懈邪谢褜薪芯屑褍
Image 1346.png,薪邪锌褉褟卸械薪懈褞
Image 1347.png,胁芯褋锌褉懈褟褌懈褞
Image 1348.png,泻芯薪泻褍褉械薪褑懈懈
Image 1349.png,褉邪斜芯褔懈械
Image 1350.png,屑械褋褌邪
Image 1351.png,褉械褋褍褉褋褘
Image 1352.png,袚芯褋褍写邪褉褋褌胁邪
Image 1353.png,写芯谢卸薪褘
Image 1354.png,胁薪懈屑邪褌械谢褜薪芯
Image 1355.png,胁褘褋褌褉邪懈胁邪褌褜
Image 1356.png,屑懈谐褉邪褑懈芯薪薪褍褞
Image 1357.png,锌芯谢懈褌懈泻褍
Image 1358.png,薪邪褏芯写懈褌褜
Image 1359.png,斜邪谢邪薪褋
Image 1360.png,屑械卸写褍
Image 1361.png,褝泻芯薪芯屑懈褔械褋泻懈屑懈
Image 1362.png,锌芯褌褉械斜薪芯褋褌褟屑懈
Image 1363.png,锌芯写写械褉卸泻芯泄
Image 1364.png,懈薪褌械谐褉邪褑懈懈
Image 1365.png,褍褔褢褌芯屑
Image 1366.png,芯斜褖械褋褌胁械薪薪芯谐芯
Image 1367.png,屑薪械薪懈褟
Image 1368.png,袛懈褋泻褍褋褋懈懈
Image 1369.png,屑懈谐褉邪褑懈芯薪薪芯泄
Image 1370.png,锌芯谢懈褌懈泻械
Image 1371.png,薪械褉械写泻芯
Image 1372.png,褋褌邪薪芯胁褟褌褋褟
Image 1373.png,芯褋褌褉褘屑懈
Image 1374.png,蟹邪褌褉邪谐懈胁邪褞褌
Image 1375.png,胁芯锌褉芯褋褘
Image 1376.png,薪邪褑懈芯薪邪谢褜薪芯泄
Image 1377.png,懈写械薪褌懈褔薪芯褋褌懈
Image 1378.png,斜械蟹芯锌邪褋薪芯褋褌懈
Image 1379.png,褋芯褑懈邪谢褜薪芯泄
Image 1380.png,褋锌谢芯褔褢薪薪芯褋褌懈
Image 1381.png,袩芯褋谢械写薪懈械
Image 1382.png,谐芯写褘
Image 1383.png,屑懈谐褉邪褑懈芯薪薪褘械
Image 1384.png,锌芯褌芯泻懈
Image 1385.png,懈蟹屑械薪褟褞褌褋褟
Image 1386.png,胁谢懈褟薪懈械屑
Image 1387.png,谐谢芯斜邪谢褜薪褘褏
Image 1388.png,褉械谐懈芯薪邪谢褜薪褘褏
Image 1389.png,褎邪泻褌芯褉芯胁
Image 1390.png,袙芯芯褉褍卸褢薪薪褘械
Image 1391.png,泻芯薪褎谢懈泻褌褘
Image 1392.png,袘谢懈卸薪械屑
Image 1393.png,袙芯褋褌芯泻械
Image 1394.png,袗褎褉懈泻械
Image 1395.png,写褉褍谐懈褏
Image 1396.png,褉械谐懈芯薪邪褏
Image 1397.png,锌芯褉芯写懈谢懈
Image 1398.png,屑懈谢谢懈芯薪褘
Image 1399.png,斜械卸械薪褑械胁
Image 1400.png,锌褉芯褋懈褌械谢械泄
Image 1401.png,褍斜械卸懈褖邪
Image 1402.png,袠蟹屑械薪械薪懈械
Image 1403.png,泻谢懈屑邪褌邪
Image 1404.png,锌褉懈胁芯写褟褖械械
Image 1405.png,锌褉芯写芯胁芯谢褜褋褌胁械薪薪褘屑
Image 1406.png,泻褉懈蟹懈褋邪屑
Image 1407.png,锌褉懈褉芯写薪褘屑
Image 1408.png,泻邪褌邪褋褌褉芯褎邪屑
Image 1409.png,褔邪褖械
Image 1410.png,褋褌邪薪芯胁懈褌褋褟
Image 1411.png,锌褉懈褔懈薪芯泄
Image 1412.png,胁褘薪褍卸写械薪薪芯谐芯
Image 1413.png,锌械褉械褋械谢械薪懈褟
Image 1414.png,袨写薪芯胁褉械屑械薪薪芯
Image 1415.png,褝泻芯薪芯屑懈褔械褋泻邪褟
Image 1416.png,谐谢芯斜邪谢懈蟹邪褑懈褟
Image 1417.png,褉邪蟹胁懈褌懈械
Image 1418.png,泻芯屑屑褍薪懈泻邪褑懈泄
Image 1419.png,褌褉邪薪褋锌芯褉褌邪
Image 1420.png,褍锌褉芯褋褌懈谢懈
Image 1421.png,锌械褉械屑械褖械薪懈械
Image 1422.png,谢褞写械泄
Image 1423.png,褔械褉械蟹
Image 1424.png,谐褉邪薪懈褑褘
Image 1425.png,袙邪卸薪邪
Image 1426.png,褉邪蟹薪懈褑邪
Image 1427.png,屑械卸写褍
Image 1428.png,褌懈锌邪屑懈
Image 1429.png,屑懈谐褉邪薪褌芯胁
Image 1430.png,协泻芯薪芯屑懈褔械褋泻懈械
Image 1431.png,屑懈谐褉邪薪褌褘
Image 1432.png,锌械褉械械蟹卸邪褞褌
Image 1433.png,褉邪写懈
Image 1434.png,褉邪斜芯褌褘
Image 1435.png,谢褍褔褕懈褏
Image 1436.png,褍褋谢芯胁懈泄
Image 1437.png,卸懈蟹薪懈
Image 1438.png,袘械卸械薪褑褘
Image 1439.png,锌褉芯褋懈褌械谢懈
Image 1440.png,褍斜械卸懈褖邪
Image 1441.png,胁褘薪褍卸写械薪褘
Image 1442.png,锌芯泻懈写邪褌褜
Image 1443.png,褉芯写懈薪褍
Image 1444.png,锌褉械褋谢械写芯胁邪薪懈泄
Image 1445.png,泻芯薪褎谢懈泻褌芯胁
Image 1446.png,薪邪褋懈谢懈褟
Image 1447.png,懈褖褍褌
Image 1448.png,蟹邪褖懈褌褘
Image 1449.png,褋芯芯褌胁械褌褋褌胁懈懈
Image 1450.png,屑械卸写褍薪邪褉芯写薪褘屑
Image 1451.png,锌褉邪胁芯屑
Image 1452.png,袙芯褋褋芯械写懈薪械薪懈械
Image 1453.png,褋械屑械泄
Image 1454.png,锌芯蟹胁芯谢褟械褌
Image 1455.png,谢褞写褟屑
Image 1456.png,胁芯褋褋芯械写懈薪懈褌褜褋褟
Image 1457.png,褉芯写褋褌胁械薪薪懈泻邪屑懈
Image 1458.png,褍卸械
Image 1459.png,芯斜芯褋薪芯胁邪胁褕懈屑懈褋褟
Image 1460.png,谐褉邪薪懈褑械泄
Image 1461.png,小褌褍写械薪褌褘
Image 1462.png,泻胁邪谢懈褎懈褑懈褉芯胁邪薪薪褘械
Image 1463.png,褋锌械褑懈邪谢懈褋褌褘
Image 1464.png,屑芯谐褍褌
Image 1465.png,褍械蟹卸邪褌褜
Image 1466.png,褍褔褢斜褍
Image 1467.png,泻邪褉褜械褉薪芯谐芯
Image 1468.png,褉芯褋褌邪
Image 1469.png,懈薪芯谐写邪
Image 1470.png,胁芯蟹胁褉邪褖邪褟褋褜
Image 1471.png,褉芯写懈薪褍
Image 1472.png,薪芯胁褘屑懈
Image 1473.png,蟹薪邪薪懈褟屑懈
Image 1474.png,懈薪芯谐写邪
Image 1475.png,芯褋褌邪胁邪褟褋褜
Image 1476.png,胁薪芯褋褟
Image 1477.png,胁泻谢邪写
Image 1478.png,薪芯胁芯械
Image 1479.png,芯斜褖械褋褌胁芯
Image 1480.png,校锌褉邪胁谢械薪懈械
Image 1481.png,懈屑屑懈谐褉邪褑懈械泄
Image 1482.png,褌褉械斜褍械褌
Image 1483.png,褋芯谐谢邪褋芯胁邪薪薪褘褏
Image 1484.png,写械泄褋褌胁懈泄
Image 1485.png,薪邪褑懈芯薪邪谢褜薪芯屑
Image 1486.png,屑械卸写褍薪邪褉芯写薪芯屑
Image 1487.png,褍褉芯胁薪褟褏
Image 1488.png,小褌褉邪薪褘
Image 1489.png,懈褋锌芯谢褜蟹褍褞褌
Image 1490.png,褉邪蟹谢懈褔薪褘械
Image 1491.png,褋懈褋褌械屑褘
Image 1492.png,泻胁芯褌褘
Image 1493.png,斜邪谢谢褜薪褘械
Image 1494.png,芯褑械薪泻懈
Image 1495.png,锌褉芯谐褉邪屑屑褘
Image 1496.png,褋锌芯薪褋芯褉褋褌胁邪
Image 1497.png,泻芯薪褌褉芯谢懈褉芯胁邪褌褜
Image 1498.png,胁褗械蟹写
Image 1499.png,袦械卸写褍薪邪褉芯写薪褘械
Image 1500.png,芯褉谐邪薪懈蟹邪褑懈懈
Image 1501.png,褌邪泻懈械
Image 1502.png,校锌褉邪胁谢械薪懈械
Image 1503.png,袙械褉褏芯胁薪芯谐芯
Image 1504.png,泻芯屑懈褋褋邪褉邪
Image 1505.png,袨袨袧
Image 1506.png,写械谢邪屑
Image 1507.png,斜械卸械薪褑械胁
Image 1508.png,懈谐褉邪褞褌
Image 1509.png,泻谢褞褔械胁褍褞
Image 1510.png,褉芯谢褜
Image 1511.png,蟹邪褖懈褌械
Image 1512.png,锌褉邪胁
Image 1513.png,斜械卸械薪褑械胁
Image 1514.png,袦械卸写褍薪邪褉芯写薪芯械
Image 1515.png,褋芯褌褉褍写薪懈褔械褋褌胁芯
Image 1516.png,薪械芯斜褏芯写懈屑芯
Image 1517.png,斜芯褉褜斜褘
Image 1518.png,褌芯褉谐芯胁谢械泄
Image 1519.png,谢褞写褜屑懈
Image 1520.png,蟹邪褖懈褌褘
Image 1521.png,褍褟蟹胁懈屑褘褏
Image 1522.png,屑懈谐褉邪薪褌芯胁
Image 1523.png,褉邪蟹胁懈褌懈褟
Image 1524.png,谢械谐邪谢褜薪褘褏
Image 1525.png,斜械蟹芯锌邪褋薪褘褏
Image 1526.png,锌褍褌械泄
Image 1527.png,屑懈谐褉邪褑懈懈
Image 1528.png,袥懈褔薪褘械
Image 1529.png,懈褋褌芯褉懈懈
Image 1530.png,懈屑屑懈谐褉邪薪褌芯胁
Image 1531.png,芯褌褉邪卸邪褞褌
Image 1532.png,薪邪写械卸写褘
Image 1533.png,褋谢芯卸薪芯褋褌懈
Image 1534.png,屑懈谐褉邪褑懈懈
Image 1535.png,袦薪芯谐懈械
Image 1536.png,芯褋褌邪胁谢褟褞褌
Image 1537.png,锌褉懈胁褘褔薪芯械
Image 1538.png,褋褌邪谢泻懈胁邪褟褋褜
Image 1539.png,薪械芯锌褉械写械谢褢薪薪芯褋褌褜褞
Image 1540.png,褌褉褍写薪芯褋褌褟屑懈
Image 1541.png,褉邪写懈
Image 1542.png,谢褍褔褕械谐芯
Image 1543.png,斜褍写褍褖械谐芯
Image 1544.png,屑芯谐褍褌
Image 1545.png,懈褋锌褘褌褘胁邪褌褜
Image 1546.png,褟蟹褘泻芯胁褘械
Image 1547.png,斜邪褉褜械褉褘
Image 1548.png,写懈褋泻褉懈屑懈薪邪褑懈褞
Image 1549.png,褌褉褍写薪芯褋褌懈
Image 1550.png,锌芯懈褋泻芯屑
Image 1551.png,褉邪斜芯褌褘
Image 1552.png,褋锌械褑懈邪谢褜薪芯褋褌懈
Image 1553.png,孝械屑
Image 1554.png,薪械
Image 1555.png,屑械薪械械
Image 1556.png,褍锌芯褉褋褌胁芯
Image 1557.png,褋褌褉械屑谢械薪懈械
Image 1558.png,褑械谢懈
Image 1559.png,褔邪褋褌芯
Image 1560.png,锌芯屑芯谐邪褞褌
Image 1561.png,锌褉械芯写芯谢械褌褜
Image 1562.png,褌褉褍写薪芯褋褌懈
Image 1563.png,锌芯褋褌褉芯懈褌褜
Image 1564.png,薪芯胁褍褞
Image 1565.png,卸懈蟹薪褜
Image 1566.png,胁薪械褋褌懈
Image 1567.png,胁泻谢邪写
Image 1568.png,褉邪蟹胁懈褌懈械
Image 1569.png,薪芯胁褘褏
Image 1570.png,褋芯芯斜褖械褋褌胁
Image 1571.png,袨褌薪芯褕械薪懈械
Image 1572.png,芯斜褖械褋褌胁邪
Image 1573.png,懈屑屑懈谐褉邪褑懈懈
Image 1574.png,褉邪蟹谢懈褔邪械褌褋褟
Image 1575.png,屑芯卸械褌
Image 1576.png,屑械薪褟褌褜褋褟
Image 1577.png,胁褉械屑械薪械屑
Image 1578.png,袨写薪懈褏
Image 1579.png,褋褌褉邪薪邪褏
Image 1580.png,懈屑屑懈谐褉邪薪褌芯胁
Image 1581.png,褌械锌谢芯
Image 1582.png,锌褉懈薪懈屑邪褞褌
Image 1583.png,褑械薪褟褌
Image 1584.png,胁泻谢邪写
Image 1585.png,袛褉褍谐懈褏
Image 1586.png,褝泻芯薪芯屑懈褔械褋泻懈械
Image 1587.png,芯锌邪褋械薪懈褟
Image 1588.png,褋褌褉邪褏
Image 1589.png,锌械褉械写
Image 1590.png,泻褍谢褜褌褍褉薪褘屑懈
Image 1591.png,懈蟹屑械薪械薪懈褟屑懈
Image 1592.png,锌芯褉芯卸写邪褞褌
Image 1593.png,薪械谐邪褌懈胁薪芯械
Image 1594.png,芯褌薪芯褕械薪懈械
Image 1595.png,写懈褋泻褉懈屑懈薪邪褑懈褞
Image 1596.png,褍卸械褋褌芯褔械薪懈械
Image 1597.png,锌芯谢懈褌懈泻懈
Image 1598.png,锌芯谢懈褌懈褔械褋泻懈械
Image 1599.png,蟹邪褟胁谢械薪懈褟
Image 1600.png,芯泻邪蟹褘胁邪褞褌
Image 1601.png,斜芯谢褜褕芯械
Image 1602.png,胁谢懈褟薪懈械
Image 1603.png,芯斜褖械褋褌胁械薪薪褘械
Image 1604.png,薪邪褋褌褉芯械薪懈褟
Image 1605.png,懈薪芯谐写邪
Image 1606.png,褍褋懈谢懈胁邪褟
Image 1607.png,褋褌械褉械芯褌懈锌褘
Image 1608.png,薪械写芯锌芯薪懈屑邪薪懈械
Image 1609.png,袧械褋屑芯褌褉褟
Image 1610.png,褋谢芯卸薪芯褋褌懈
Image 1611.png,屑薪芯谐懈械
Image 1612.png,懈褋褋谢械写芯胁邪薪懈褟
Image 1613.png,锌芯写褔械褉泻懈胁邪褞褌
Image 1614.png,锌芯蟹懈褌懈胁薪褘械
Image 1615.png,锌芯褋谢械写褋褌胁懈褟
Image 1616.png,懈屑屑懈谐褉邪褑懈懈
Image 1617.png,小褌褉邪薪褘
Image 1618.png,褋褌邪褉械褞褖懈屑
Image 1619.png,薪邪褋械谢械薪懈械屑
Image 1620.png,褔邪褋褌芯
Image 1621.png,蟹邪胁懈褋褟褌
Image 1622.png,锌褉懈褌芯泻邪
Image 1623.png,屑懈谐褉邪薪褌芯胁
Image 1624.png,锌芯写写械褉卸邪薪懈褟
Image 1625.png,褉褘薪泻邪
Image 1626.png,褌褉褍写邪
Image 1627.png,褋芯褑懈邪谢褜薪褘褏
Image 1628.png,褋懈褋褌械屑
Image 1629.png,袪邪蟹薪芯芯斜褉邪蟹懈械
Image 1630.png,锌褉懈胁薪械褋褢薪薪芯械
Image 1631.png,懈屑屑懈谐褉邪褑懈械泄
Image 1632.png,褋锌芯褋芯斜褋褌胁褍械褌
Image 1633.png,懈薪薪芯胁邪褑懈褟屑
Image 1634.png,褉邪蟹胁懈褌懈褞
Image 1635.png,褝泻芯薪芯屑懈泻懈
Image 1636.png,协褎褎械泻褌懈胁薪邪褟
Image 1637.png,懈薪褌械谐褉邪褑懈褟
Image 1638.png,芯斜褍褔械薪懈械
Image 1639.png,褟蟹褘泻褍
Image 1640.png,锌褉懈蟹薪邪薪懈械
Image 1641.png,泻胁邪谢懈褎懈泻邪褑懈泄
Image 1642.png,锌褉芯褌懈胁芯写械泄褋褌胁懈械
Image 1643.png,写懈褋泻褉懈屑懈薪邪褑懈懈
Image 1644.png,胁褘谐芯写薪邪
Image 1645.png,薪芯胁褘屑
Image 1646.png,卸懈褌械谢褟屑
Image 1647.png,芯斜褖械褋褌胁褍
Image 1648.png,褑械谢芯屑
Image 1649.png,袘褍写褍褖械械
Image 1650.png,屑懈谐褉邪褑懈懈
Image 1651.png,斜褍写械褌
Image 1652.png,蟹邪胁懈褋械褌褜
Image 1653.png,谐谢芯斜邪谢褜薪褘褏
Image 1654.png,褌械薪写械薪褑懈泄
Image 1655.png,写械屑芯谐褉邪褎懈褔械褋泻懈褏
Image 1656.png,懈蟹屑械薪械薪懈泄
Image 1657.png,褌械褏薪芯谢芯谐懈褔械褋泻芯谐芯
Image 1658.png,锌褉芯谐褉械褋褋邪
Image 1659.png,褝泻芯谢芯谐懈褔械褋泻懈褏
Image 1660.png,胁褘蟹芯胁芯胁
Image 1661.png,锌芯谢懈褌懈褔械褋泻懈褏
Image 1662.png,褋芯斜褘褌懈泄
Image 1663.png,袩芯
Image 1664.png,屑械褉械
Image 1665.png,褍褋懈谢械薪懈褟
Image 1666.png,胁蟹邪懈屑芯褋胁褟蟹械泄
Image 1667.png,屑械卸写褍
Image 1668.png,褋褌褉邪薪邪屑懈
Image 1669.png,屑懈谐褉邪褑懈褟
Image 1670.png,芯褋褌邪薪械褌褋褟
Image 1671.png,胁邪卸薪芯泄
Image 1672.png,褔械褉褌芯泄
Image 1673.png,褔械谢芯胁械褔械褋泻芯谐芯
Image 1674.png,芯斜褖械褋褌胁邪
Image 1675.png,袟邪写邪褔邪
Image 1676.png,谐芯褋褍写邪褉褋褌胁邪
Image 1677.png,芯斜褖械褋褌胁邪
Image 1678.png,芯褌写械谢褜薪褘褏
Image 1679.png,谢褞写械泄
Image 1680.png,懈褋锌芯谢褜蟹芯胁邪褌褜
Image 1681.png,锌褉械懈屑褍褖械褋褌胁邪
Image 1682.png,屑懈谐褉邪褑懈懈
Image 1683.png,褉械褕邪褟
Image 1684.png,胁芯蟹薪懈泻邪褞褖懈械
Image 1685.png,锌褉芯斜谢械屑褘
Image 1686.png,芯斜械褋锌械褔懈胁邪褟
Image 1687.png,斜械蟹芯锌邪褋薪芯褋褌褜
Image 1688.png,褍锌芯褉褟写芯褔械薪薪芯褋褌褜
Image 1689.png,褍胁邪卸械薪懈械
Image 1690.png,锌褉邪胁
Image 1691.png,褔械谢芯胁械泻邪
Image 1692.png,袣芯薪械褔薪芯屑
Image 1693.png,懈褌芯谐械
Image 1694.png,懈屑屑懈谐褉邪褑懈褟
Image 1695.png,谢褞写褟褏
Image 1696.png,褋械屑褜褟褏
Image 1697.png,懈褖褍褖懈褏
Image 1698.png,薪邪写械卸写褍
Image 1699.png,胁芯蟹屑芯卸薪芯褋褌懈
Image 1700.png,褔褍胁褋褌胁芯
Image 1701.png,锌褉懈薪邪写谢械卸薪芯褋褌懈
Image 1702.png,袟邪
Image 1703.png,蟹邪泻芯薪邪屑懈
Image 1704.png,锌芯谢懈褌懈泻芯泄
Image 1705.png,胁邪卸薪芯
Image 1706.png,锌芯屑薪懈褌褜
Image 1707.png,褔械谢芯胁械褔械褋泻芯屑
Image 1708.png,懈蟹屑械褉械薪懈懈
Image 1709.png,袦褍卸械褋褌胁芯
Image 1710.png,邪写邪锌褌懈胁薪芯褋褌褜
Image 1711.png,屑械褔褌褘
Image 1712.png,懈屑屑懈谐褉邪薪褌芯胁
Image 1713.png,懈蟹屑械薪懈谢懈
Image 1714.png,屑懈褉
Image 1715.png,屑薪芯谐懈褏
Image 1716.png,芯褌薪芯褕械薪懈褟褏
Image 1717.png,薪邪锌芯屑懈薪邪褟
Image 1718.png,写胁懈卸械薪懈械
Image 1719.png,锌械褉械屑械薪褘
Image 1720.png,薪械芯褌褗械屑谢械屑邪褟
Image 1721.png,褔邪褋褌褜
Image 1722.png,芯斜褖械泄
Image 1723.png,褔械谢芯胁械褔械褋泻芯泄
Image 1724.png,懈褋褌芯褉懈懈
Image 1725.png,袪芯褋褋懈泄褋泻邪褟
Image 1726.png,邪褉褏懈褌械泻褌褍褉邪
Image 1727.png,褌褉邪薪褋锌芯褉褌
Image 1728.png,胁屑械褋褌械
Image 1729.png,褎芯褉屑懈褉褍褞褌
Image 1730.png,褍写懈胁懈褌械谢褜薪褘泄
Image 1731.png,胁蟹谐谢褟写
Image 1732.png,褏邪褉邪泻褌械褉
Image 1733.png,褋褌褉邪薪褘
Image 1734.png,懈褋褌芯褉懈褞
Image 1735.png,锌芯胁褋械写薪械胁薪褍褞
Image 1736.png,卸懈蟹薪褜
Image 1737.png,芯谐褉芯屑薪芯泄
Image 1738.png,褌械褉褉懈褌芯褉懈懈
Image 1739.png,袪芯褋褋懈懈
Image 1740.png,褋芯褋褉械写芯褌芯褔械薪芯
Image 1741.png,斜芯谐邪褌芯械
Image 1742.png,薪邪褋谢械写懈械
Image 1743.png,褋褌褉芯懈褌械谢褜薪褘褏
Image 1744.png,褋褌懈谢械泄
Image 1745.png,褋谢芯卸薪邪褟
Image 1746.png,褋械褌褜
Image 1747.png,锌械褉械写胁懈卸械薪懈泄
Image 1748.png,写褉械胁薪懈褏
Image 1749.png,写械褉械胁褟薪薪褘褏
Image 1750.png,褑械褉泻胁械泄
Image 1751.png,褋芯胁褉械屑械薪薪褘褏
Image 1752.png,薪械斜芯褋泻褉褢斜芯胁
Image 1753.png,泻芯薪薪褘褏
Image 1754.png,褌褉芯械泻
Image 1755.png,褋泻芯褉芯褋褌薪褘褏
Image 1756.png,锌芯械蟹写芯胁
Image 1757.png,褋邪屑芯谢褢褌芯胁
Image 1758.png,邪褉褏懈褌械泻褌褍褉邪
Image 1759.png,褌褉邪薪褋锌芯褉褌
Image 1760.png,褎芯褉屑懈褉芯胁邪谢懈褋褜
Image 1761.png,胁谢懈褟薪懈械屑
Image 1762.png,褍薪懈泻邪谢褜薪芯泄
Image 1763.png,谐械芯谐褉邪褎懈懈
Image 1764.png,袪芯褋褋懈懈
Image 1765.png,褋褍褉芯胁芯谐芯
Image 1766.png,泻谢懈屑邪褌邪
Image 1767.png,褋芯褑懈邪谢褜薪褘褏
Image 1768.png,锌械褉械屑械薪
Image 1769.png,锌芯谢懈褌懈褔械褋泻懈褏
Image 1770.png,褉械胁芯谢褞褑懈泄
Image 1771.png,懈褋褌芯褉懈懈
Image 1772.png,锌械褉械锌谢械褌邪褞褌褋褟
Image 1773.png,懈褋褌芯褉懈械泄
Image 1774.png,褉芯褋褋懈泄褋泻芯谐芯
Image 1775.png,薪邪褉芯写邪
Image 1776.png,芯褌褉邪卸邪褟
Image 1777.png,褌褉邪写懈褑懈懈
Image 1778.png,薪芯胁邪褌芯褉褋褌胁芯袪邪蟹胁懈褌懈械
Image 1779.png,褉芯褋褋懈泄褋泻芯泄
Image 1780.png,邪褉褏懈褌械泻褌褍褉褘
Image 1781.png,芯褌褉邪卸邪械褌
Image 1782.png,懈褋褌芯褉懈褔械褋泻懈械
Image 1783.png,褝褌邪锌褘
Image 1784.png,褋褌褉邪薪褘
Image 1785.png,褋屑械褕械薪懈械
Image 1786.png,胁谢懈褟薪懈泄
Image 1787.png,锌褉懈褏芯写懈胁褕懈褏
Image 1788.png,锌褉芯褌褟卸械薪懈懈
Image 1789.png,胁械泻芯胁
Image 1790.png,袪邪薪薪褟褟
Image 1791.png,褉褍褋褋泻邪褟
Image 1792.png,邪褉褏懈褌械泻褌褍褉邪
Image 1793.png,芯褋芯斜械薪薪芯
Image 1794.png,褋褉械写薪懈械
Image 1795.png,胁械泻邪
Image 1796.png,褎芯褉屑懈褉芯胁邪谢邪褋褜
Image 1797.png,褋懈谢褜薪褘屑
Image 1798.png,胁谢懈褟薪懈械屑
Image 1799.png,胁懈蟹邪薪褌懈泄褋泻懈褏
Image 1800.png,褌褉邪写懈褑懈泄
Image 1801.png,锌芯褋谢械
Image 1802.png,锌褉懈薪褟褌懈褟
Image 1803.png,褏褉懈褋褌懈邪薪褋褌胁邪
Image 1804.png,袣懈械胁褋泻芯泄
Image 1805.png,袪褍褋懈
Image 1806.png,泻邪屑械薪薪褘械
Image 1807.png,泻懈褉锌懈褔薪褘械
Image 1808.png,褑械褉泻胁懈
Image 1809.png,斜褘褋褌褉芯
Image 1810.png,褋褌邪薪芯胁懈谢懈褋褜
Image 1811.png,褑械薪褌褉邪屑懈
Image 1812.png,谐芯褉芯写芯胁
Image 1813.png,锌芯褋械谢械薪懈泄
Image 1814.png,袨写薪芯泄
Image 1815.png,泻谢褞褔械胁褘褏
Image 1816.png,邪褉褏懈褌械泻褌褍褉薪褘褏
Image 1817.png,芯褋芯斜械薪薪芯褋褌械泄
Image 1818.png,褋褌邪谢
Image 1819.png,谢褍泻芯胁懈褔薪褘泄
Image 1820.png,泻褍锌芯谢
Image 1821.png,褟褉泻邪褟
Image 1822.png,芯泻褉褍谐谢邪褟
Image 1823.png,褎芯褉屑邪
Image 1824.png,褋褌邪胁褕邪褟
Image 1825.png,褋懈屑胁芯谢芯屑
Image 1826.png,袪芯褋褋懈懈
Image 1827.png,袣褍锌芯谢邪
Image 1828.png,薪芯褋懈谢懈
Image 1829.png,褋懈屑胁芯谢懈褔械褋泻芯械
Image 1830.png,锌褉邪泻褌懈褔械褋泻芯械
Image 1831.png,蟹薪邪褔械薪懈械
Image 1832.png,褍褋褌褉械屑谢械薪褘
Image 1833.png,薪械斜褍
Image 1834.png,胁褘褉邪卸邪褟
Image 1835.png,写褍褏芯胁薪褘械
Image 1836.png,褋褌褉械屑谢械薪懈褟
Image 1837.png,胁械褉褍褞褖懈褏
Image 1838.png,褋锌芯褋芯斜褋褌胁芯胁邪谢懈
Image 1839.png,褋褏芯写褍
Image 1840.png,褋薪械谐邪
Image 1841.png,写芯卸写褟
Image 1842.png,褋褍褉芯胁褘褏
Image 1843.png,泻谢懈屑邪褌懈褔械褋泻懈褏
Image 1844.png,褍褋谢芯胁懈褟褏小邪屑褘屑
Image 1845.png,蟹薪邪屑械薪懈褌褘屑
Image 1846.png,锌褉懈屑械褉芯屑
Image 1847.png,褝褌芯谐芯
Image 1848.png,褉邪薪薪械谐芯
Image 1849.png,褋褌懈谢褟
Image 1850.png,褟胁谢褟械褌褋褟
Image 1851.png,褋芯斜芯褉
Image 1852.png,袙邪褋懈谢懈褟
Image 1853.png,袘谢邪卸械薪薪芯谐芯
Image 1854.png,袣褉邪褋薪芯泄
Image 1855.png,锌谢芯褖邪写懈
Image 1856.png,袦芯褋泻胁械
Image 1857.png,锌芯褋褌褉芯械薪薪褘泄
Image 1858.png,锌芯
Image 1859.png,锌褉懈泻邪蟹褍
Image 1860.png,袠胁邪薪邪
Image 1861.png,袚褉芯蟹薪芯谐芯
Image 1862.png,斜褍泄褋褌胁芯
Image 1863.png,泻褉邪褋芯泻
Image 1864.png,蟹邪泻褉褍褔械薪薪褘械
Image 1865.png,褍蟹芯褉褘
Image 1866.png,褋泻芯锌谢械薪懈械
Image 1867.png,泻褍锌芯谢芯胁
Image 1868.png,褋芯蟹写邪褞褌
Image 1869.png,褋泻邪蟹芯褔薪褘泄
Image 1870.png,锌芯褔褌懈
Image 1871.png,褎邪薪褌邪褋褌懈褔械褋泻懈泄
Image 1872.png,芯斜谢懈泻
Image 1873.png,褋芯斜芯褉
Image 1874.png,斜械谢芯泻邪屑械薪薪褘械
Image 1875.png,褑械褉泻胁懈
Image 1876.png,袙谢邪写懈屑懈褉邪
Image 1877.png,小褍蟹写邪谢褟
Image 1878.png,胁芯锌谢芯褖邪械褌
Image 1879.png,褌胁芯褉褔械褋泻懈泄
Image 1880.png,锌芯写褏芯写
Image 1881.png,褉褍褋褋泻懈褏
Image 1882.png,蟹芯写褔懈褏
Image 1883.png,褍屑械薪懈械
Image 1884.png,褋芯褔械褌邪褌褜
Image 1885.png,屑械褋褌薪褘械
Image 1886.png,褌褉邪写懈褑懈懈
Image 1887.png,蟹邪懈屑褋褌胁芯胁邪薪薪褘屑懈
Image 1888.png,懈写械褟屑懈
Image 1889.png,袛械褉械胁褟薪薪芯械
Image 1890.png,蟹芯写褔械褋褌胁芯
Image 1891.png,褌邪泻卸械
Image 1892.png,锌褉芯褑胁械褌邪谢芯
Image 1893.png,芯褋芯斜械薪薪芯
Image 1894.png,褋械胁械褉薪褘褏
Image 1895.png,褉械谐懈芯薪邪褏
Image 1896.png,笑械谢褘械
Image 1897.png,写械褉械胁薪懈
Image 1898.png,褋褌褉芯懈谢懈褋褜
Image 1899.png,写褉械胁械褋懈薪褘
Image 1900.png,褑械褉泻胁懈
Image 1901.png,写芯屑邪
Image 1902.png,邪屑斜邪褉褘
Image 1903.png,胁芯蟹胁芯写懈谢懈
Image 1904.png,械写懈薪芯谐芯
Image 1905.png,谐胁芯蟹写褟
Image 1906.png,懈褋锌芯谢褜蟹芯胁邪薪懈械屑
Image 1907.png,褋谢芯卸薪褘褏
Image 1908.png,褋芯械写懈薪械薪懈泄
Image 1909.png,泻褉褘褕
Image 1910.png,泻褉褍褌褘屑
Image 1911.png,褋泻邪褌芯屑
Image 1912.png,蟹邪褖懈褌褘
Image 1913.png,褋薪械谐邪袦芯薪谐芯谢褜褋泻芯械
Image 1914.png,薪邪褕械褋褌胁懈械
Image 1915.png,褉邪蟹写褉芯斜谢械薪薪芯褋褌褜
Image 1916.png,褉褍褋褋泻懈褏
Image 1917.png,蟹械屑械谢褜
Image 1918.png,蟹邪屑械写谢懈谢懈
Image 1919.png,褉邪蟹胁懈褌懈械
Image 1920.png,邪褉褏懈褌械泻褌褍褉褘
Image 1921.png,芯褋褌邪薪芯胁懈谢懈
Image 1922.png,袩芯
Image 1923.png,屑械褉械
Image 1924.png,胁芯蟹胁褘褕械薪懈褟
Image 1925.png,袦芯褋泻胁褘
Image 1926.png,锌芯褟胁懈谢懈褋褜
Image 1927.png,薪芯胁褘械
Image 1928.png,褋褌懈谢懈
Image 1929.png,褋芯褔械褌邪胁褕懈械
Image 1930.png,屑械褋褌薪褘械
Image 1931.png,褎芯褉屑褘
Image 1932.png,胁谢懈褟薪懈械屑
Image 1933.png,袠褌邪谢懈懈
Image 1934.png,小褉械写薪械泄
Image 1935.png,袗蟹懈懈
Image 1936.png,写褉褍谐懈褏
Image 1937.png,褉械谐懈芯薪芯胁
Image 1938.png,袦芯褋泻芯胁褋泻懈泄
Image 1939.png,袣褉械屑谢褜
Image 1940.png,懈蟹薪邪褔邪谢褜薪芯
Image 1941.png,写械褉械胁褟薪薪邪褟
Image 1942.png,泻褉械锌芯褋褌褜
Image 1943.png,褋褌邪谢
Image 1944.png,胁薪褍褕懈褌械谢褜薪褘屑
Image 1945.png,泻邪屑械薪薪褘屑
Image 1946.png,泻芯屑锌谢械泻褋芯屑
Image 1947.png,写胁芯褉褑邪屑懈
Image 1948.png,褋芯斜芯褉邪屑懈
Image 1949.png,屑邪褋褋懈胁薪褘屑懈
Image 1950.png,褋褌械薪邪屑懈
Image 1951.png,锌褉芯械泻褌懈褉芯胁邪薪懈褟
Image 1952.png,斜邪褕械薪
Image 1953.png,褋芯斜芯褉芯胁
Image 1954.png,锌褉懈谐谢邪褕邪谢懈褋褜
Image 1955.png,懈褌邪谢褜褟薪褋泻懈械
Image 1956.png,邪褉褏懈褌械泻褌芯褉褘
Image 1957.png,锌褉懈胁械谢芯
Image 1958.png,褍薪懈泻邪谢褜薪芯屑褍
Image 1959.png,褋懈薪褌械蟹褍
Image 1960.png,褉械薪械褋褋邪薪褋薪褘褏
Image 1961.png,褉褍褋褋泻懈褏
Image 1962.png,褎芯褉屑袙芯褋械屑薪邪写褑邪褌褘泄
Image 1963.png,胁械泻
Image 1964.png,袩械褌褉械
Image 1965.png,袙械谢懈泻芯屑
Image 1966.png,褋褌邪谢
Image 1967.png,泻褉褍锌薪芯泄
Image 1968.png,胁械褏芯泄
Image 1969.png,袩褢褌褉
Image 1970.png,褋褌褉械屑懈谢褋褟
Image 1971.png,屑芯写械褉薪懈蟹懈褉芯胁邪褌褜
Image 1972.png,袪芯褋褋懈褞
Image 1973.png,蟹邪锌邪写薪芯械胁褉芯锌械泄褋泻芯屑褍
Image 1974.png,芯斜褉邪蟹褑褍
Image 1975.png,薪芯胁邪褟
Image 1976.png,褋褌芯谢懈褑邪
Image 1977.png,小邪薪泻褌-袩械褌械褉斜褍褉谐
Image 1978.png,斜褘谢邪
Image 1979.png,蟹邪写褍屑邪薪邪
Image 1980.png,芯褌褉邪卸械薪懈械
Image 1981.png,褝褌懈褏
Image 1982.png,邪屑斜懈褑懈泄
Image 1983.png,袚芯褉芯写
Image 1984.png,锌芯褋褌褉芯械薪薪褘泄
Image 1985.png,斜芯谢芯褌邪褏
Image 1986.png,袧械胁褘
Image 1987.png,褋褌邪谢
Image 1988.png,芯斜褉邪蟹褑芯屑
Image 1989.png,斜邪褉芯褔薪芯泄
Image 1990.png,薪械芯泻谢邪褋褋懈褔械褋泻芯泄
Image 1991.png,邪褉褏懈褌械泻褌褍褉褘
Image 1992.png,袠褌邪谢褜褟薪褋泻懈械
Image 1993.png,褎褉邪薪褑褍蟹褋泻懈械
Image 1994.png,薪械屑械褑泻懈械
Image 1995.png,屑邪褋褌械褉邪
Image 1996.png,褋芯蟹写邪胁邪谢懈
Image 1997.png,写胁芯褉褑褘
Image 1998.png,褋芯斜芯褉褘
Image 1999.png,锌褉邪胁懈褌械谢褜褋褌胁械薪薪褘械
Image 2000.png,蟹写邪薪懈褟
Image 2001.png,谐褉邪薪写懈芯蟹薪褘褏
Image 2002.png,褋褌懈谢褟褏
Image 2003.png,褕懈褉芯泻懈屑懈
Image 2004.png,锌褉芯褋锌械泻褌邪屑懈
Image 2005.png,褉械谐褍谢褟褉薪褘屑懈
Image 2006.png,褋邪写邪屑懈
Image 2007.png,袟懈屑薪懈泄
Image 2008.png,写胁芯褉械褑
Image 2009.png,蟹械谢褢薪芯-斜械谢褘屑
Image 2010.png,褎邪褋邪写芯屑
Image 2011.png,锌芯蟹芯谢芯褔械薪薪褘屑懈
Image 2012.png,懈薪褌械褉褜械褉邪屑懈
Image 2013.png,胁芯锌谢芯褖邪械褌
Image 2014.png,褉芯褋泻芯褕褜
Image 2015.png,懈屑锌械褉邪褌芯褉褋泻芯谐芯
Image 2016.png,写胁芯褉邪
Image 2017.png,袣邪薪邪谢褘
Image 2018.png,屑芯褋褌褘
Image 2019.png,谐芯褉芯写邪
Image 2020.png,锌褉懈薪械褋谢懈
Image 2021.png,锌褉芯蟹胁懈褖械
Image 2022.png,小械胁械褉薪邪褟
Image 2023.png,袙械薪械褑懈褟写械胁褟褌薪邪写褑邪褌芯屑
Image 2024.png,胁械泻械
Image 2025.png,褉芯褋褋懈泄褋泻邪褟
Image 2026.png,邪褉褏懈褌械泻褌褍褉邪
Image 2027.png,锌褉芯写芯谢卸邪谢邪
Image 2028.png,褉邪蟹胁懈胁邪褌褜褋褟
Image 2029.png,袩芯写褗褢屑
Image 2030.png,薪邪褑懈芯薪邪谢褜薪芯谐芯
Image 2031.png,褋邪屑芯褋芯蟹薪邪薪懈褟
Image 2032.png,锌褉懈胁褢谢
Image 2033.png,胁芯蟹褉芯卸写械薪懈褞
Image 2034.png,褌褉邪写懈褑懈芯薪薪褘褏
Image 2035.png,褎芯褉屑
Image 2036.png,褌邪泻懈褏
Image 2037.png,褉褍褋褋泻懈泄
Image 2038.png,褋褌懈谢褜
Image 2039.png,泻芯褌芯褉芯谐芯
Image 2040.png,褏邪褉邪泻褌械褉薪褘
Image 2041.png,写械泻芯褉邪褌懈胁薪邪褟
Image 2042.png,泻懈褉锌懈褔薪邪褟
Image 2043.png,泻谢邪写泻邪
Image 2044.png,褟褉泻邪褟
Image 2045.png,泻械褉邪屑懈泻邪
Image 2046.png,褋谢芯卸薪褘泄
Image 2047.png,芯褉薪邪屑械薪褌
Image 2048.png,胁写芯褏薪芯胁谢褢薪薪褘泄
Image 2049.png,写褉械胁薪械褉褍褋褋泻懈屑懈
Image 2050.png,褏褉邪屑邪屑懈
Image 2051.png,薪邪褉芯写薪褘屑
Image 2052.png,懈褋泻褍褋褋褌胁芯屑
Image 2053.png,褉芯褋褋懈泄褋泻懈械
Image 2054.png,邪褉懈褋褌芯泻褉邪褌褘
Image 2055.png,泻褍锌褑褘
Image 2056.png,蟹邪泻邪蟹褘胁邪谢懈
Image 2057.png,芯褋芯斜薪褟泻懈
Image 2058.png,褌械邪褌褉褘
Image 2059.png,屑褍蟹械懈
Image 2060.png,械胁褉芯锌械泄褋泻懈褏
Image 2061.png,褋褌懈谢褟褏
Image 2062.png,谐芯褌懈泻懈
Image 2063.png,屑芯写械褉薪邪
Image 2064.png,袟薪邪屑械薪懈褌褘泄
Image 2065.png,袘芯谢褜褕芯泄
Image 2066.png,褌械邪褌褉
Image 2067.png,袦芯褋泻胁械
Image 2068.png,胁械谢懈褔械褋褌胁械薪薪褘屑懈
Image 2069.png,泻芯谢芯薪薪邪屑懈
Image 2070.png,褋泻褍谢褜锌褌褍褉邪屑懈
Image 2071.png,褋褌邪谢
Image 2072.png,褋懈屑胁芯谢芯屑
Image 2073.png,泻褍谢褜褌褍褉薪芯谐芯
Image 2074.png,褉邪褋褑胁械褌邪袛胁邪写褑邪褌褘泄
Image 2075.png,胁械泻
Image 2076.png,锌褉懈薪褢褋
Image 2077.png,写褉邪屑邪褌懈褔械褋泻懈械
Image 2078.png,锌械褉械屑械薪褘
Image 2079.png,袪械胁芯谢褞褑懈褟
Image 2080.png,懈蟹屑械薪懈谢邪
Image 2081.png,褍褋褌芯懈
Image 2082.png,芯褌泻褉褘胁
Image 2083.png,褋芯胁械褌褋泻褍褞
Image 2084.png,褝锌芯褏褍
Image 2085.png,泻芯谐写邪
Image 2086.png,邪褉褏懈褌械泻褌褍褉邪
Image 2087.png,褋褌邪谢邪
Image 2088.png,褋褉械写褋褌胁芯屑
Image 2089.png,胁褘褉邪卸械薪懈褟
Image 2090.png,薪芯胁褘褏
Image 2091.png,褋芯褑懈邪谢褜薪褘褏
Image 2092.png,懈写械邪谢芯胁
Image 2093.png,袪邪薪薪懈械
Image 2094.png,褋芯胁械褌褋泻懈械
Image 2095.png,邪褉褏懈褌械泻褌芯褉褘
Image 2096.png,褝泻褋锌械褉懈屑械薪褌懈褉芯胁邪谢懈
Image 2097.png,泻芯薪褋褌褉褍泻褌懈胁懈蟹屑芯屑
Image 2098.png,褉邪写懈泻邪谢褜薪褘屑
Image 2099.png,褋褌懈谢械屑
Image 2100.png,芯褋薪芯胁邪薪薪褘屑
Image 2101.png,谐械芯屑械褌褉懈懈
Image 2102.png,懈薪写褍褋褌褉懈邪谢褜薪褘褏
Image 2103.png,屑邪褌械褉懈邪谢邪褏
Image 2104.png,褎褍薪泻褑懈芯薪邪谢褜薪芯褋褌懈
Image 2105.png,蟹写邪薪懈褟
Image 2106.png,楔褍褏芯胁褋泻邪褟
Image 2107.png,斜邪褕薪褟
Image 2108.png,袦芯褋泻胁械
Image 2109.png,写芯屑
Image 2110.png,邪褉褏懈褌械泻褌芯褉邪
Image 2111.png,袦械谢褜薪懈泻芯胁邪
Image 2112.png,写械屑芯薪褋褌褉懈褉芯胁邪谢懈
Image 2113.png,懈薪卸械薪械褉薪褘械
Image 2114.png,写懈蟹邪泄薪械褉褋泻懈械
Image 2115.png,懈薪薪芯胁邪褑懈懈袠芯褋懈褎械
Image 2116.png,小褌邪谢懈薪械
Image 2117.png,邪褉褏懈褌械泻褌褍褉邪
Image 2118.png,褋屑械褋褌懈谢邪褋褜
Image 2119.png,褋褌芯褉芯薪褍
Image 2120.png,屑芯薪褍屑械薪褌邪谢懈蟹屑邪
Image 2121.png,薪邪蟹褘胁邪械屑褘泄
Image 2122.png,褋褌邪谢懈薪褋泻懈泄
Image 2123.png,邪屑锌懈褉
Image 2124.png,褋褌邪谢懈薪褋泻懈械
Image 2125.png,胁褘褋芯褌泻懈
Image 2126.png,锌芯褉芯写懈谢
Image 2127.png,芯谐褉芯屑薪褘械
Image 2128.png,锌褘褕薪褘械
Image 2129.png,蟹写邪薪懈褟
Image 2130.png,锌褉懈蟹胁邪薪薪褘械
Image 2131.png,胁薪褍褕邪褌褜
Image 2132.png,褍胁邪卸械薪懈械
Image 2133.png,褋懈屑胁芯谢懈蟹懈褉芯胁邪褌褜
Image 2134.png,屑芯褖褜
Image 2135.png,谐芯褋褍写邪褉褋褌胁邪
Image 2136.png,小械屑褜
Image 2137.png,褋械褋褌褢褉
Image 2138.png,谐褉褍锌锌邪
Image 2139.png,薪械斜芯褋泻褉褢斜芯胁
Image 2140.png,袦芯褋泻胁械
Image 2141.png,胁芯锌谢芯褖邪褞褌
Image 2142.png,褝褌芯褌
Image 2143.png,锌芯写褏芯写
Image 2144.png,褍褋褌褉械屑谢褢薪薪褘屑懈
Image 2145.png,胁胁械褉褏
Image 2146.png,斜邪褕薪褟屑懈
Image 2147.png,斜芯谐邪褌褘屑懈
Image 2148.png,褎邪褋邪写邪屑懈
Image 2149.png,谐褉邪薪写懈芯蟹薪褘屑
Image 2150.png,屑邪褋褕褌邪斜芯屑
Image 2151.png,蟹写邪薪懈褟褏
Image 2152.png,褋芯褔械褌邪谢懈褋褜
Image 2153.png,褉褍褋褋泻懈械
Image 2154.png,屑芯褌懈胁褘
Image 2155.png,邪褉-写械泻芯
Image 2156.png,褝谢械屑械薪褌褘
Image 2157.png,薪械芯泻谢邪褋褋懈褑懈蟹屑邪
Image 2158.png,褋芯蟹写邪胁邪褟
Image 2159.png,胁锌械褔邪褌谢械薪懈械
Image 2160.png,胁械谢懈褔懈褟
Image 2161.png,懈屑械褞褖械械
Image 2162.png,邪薪邪谢芯谐芯胁
Image 2163.png,写褉褍谐懈褏
Image 2164.png,褉械谐懈芯薪邪褏
Image 2165.png,褋褌褉邪薪褘袩芯褋谢械
Image 2166.png,褋屑械褉褌懈
Image 2167.png,小褌邪谢懈薪邪
Image 2168.png,邪褉褏懈褌械泻褌褍褉薪褘械
Image 2169.png,锌褉懈芯褉懈褌械褌褘
Image 2170.png,胁薪芯胁褜
Image 2171.png,懈蟹屑械薪懈谢懈褋褜
Image 2172.png,袗泻褑械薪褌
Image 2173.png,褋屑械褋褌懈谢褋褟
Image 2174.png,芯斜械褋锌械褔械薪懈械
Image 2175.png,写芯褋褌褍锌薪褘屑
Image 2176.png,卸懈谢褜褢屑
Image 2177.png,薪邪褋械谢械薪懈褟
Image 2178.png,啸褉褍褖褢胁泻懈
Image 2179.png,锌褉芯褋褌褘械
Image 2180.png,锌邪薪械谢褜薪褘械
Image 2181.png,写芯屑邪
Image 2182.png,褋褌邪谢懈
Image 2183.png,褋懈屑胁芯谢芯屑
Image 2184.png,褋芯胁械褌褋泻芯泄
Image 2185.png,谐芯褉芯写褋泻芯泄
Image 2186.png,卸懈蟹薪懈
Image 2187.png,锌褟褌懈褝褌邪卸薪褘械
Image 2188.png,蟹写邪薪懈褟
Image 2189.png,褋褌褉芯懈胁褕懈械褋褟
Image 2190.png,斜褘褋褌褉芯
Image 2191.png,写褢褕械胁芯
Image 2192.png,写邪谢懈
Image 2193.png,泻褉褘褕褍
Image 2194.png,屑懈谢谢懈芯薪邪屑
Image 2195.png,褋械屑械泄
Image 2196.png,胁褋械泄
Image 2197.png,褋褌褉邪薪械
Image 2198.png,袧械褋屑芯褌褉褟
Image 2199.png,泻褉懈褌懈泻褍
Image 2200.png,芯写薪芯芯斜褉邪蟹懈械
Image 2201.png,褋泻褍写薪褘械
Image 2202.png,褍写芯斜褋褌胁邪
Image 2203.png,斜褘谢懈
Image 2204.png,锌褉邪泻褌懈褔械褋泻懈屑
Image 2205.png,芯褌胁械褌芯屑
Image 2206.png,卸懈谢懈褖薪褘泄
Image 2207.png,泻褉懈蟹懈褋锌芯蟹写薪械褋芯胁械褌褋泻芯械
Image 2208.png,锌芯褋褌褋芯胁械褌褋泻芯械
Image 2209.png,胁褉械屑褟
Image 2210.png,邪褉褏懈褌械泻褌褍褉邪
Image 2211.png,袪芯褋褋懈懈
Image 2212.png,褋褌邪谢邪
Image 2213.png,斜芯谢械械
Image 2214.png,褉邪蟹薪芯芯斜褉邪蟹薪芯泄
Image 2215.png,袗泻褌懈胁薪芯
Image 2216.png,胁芯褋褋褌邪薪邪胁谢懈胁邪褞褌褋褟
Image 2217.png,懈褋褌芯褉懈褔械褋泻懈械
Image 2218.png,蟹写邪薪懈褟
Image 2219.png,褋褌褉芯褟褌褋褟
Image 2220.png,褋芯胁褉械屑械薪薪褘械
Image 2221.png,芯褎懈褋薪褘械
Image 2222.png,褑械薪褌褉褘
Image 2223.png,褌芯褉谐芯胁褘械
Image 2224.png,泻芯屑锌谢械泻褋褘
Image 2225.png,胁褘褋芯褌薪褘械
Image 2226.png,卸懈谢褘械
Image 2227.png,写芯屑邪
Image 2228.png,屑芯褋泻芯胁褋泻芯屑
Image 2229.png,写械谢芯胁芯屑
Image 2230.png,褑械薪褌褉械
Image 2231.png,袦芯褋泻胁邪-小懈褌懈
Image 2232.png,锌芯褟胁懈谢懈褋褜
Image 2233.png,褋褌械泻谢褟薪薪褘械
Image 2234.png,薪械斜芯褋泻褉褢斜褘
Image 2235.png,褋芯褋械写褋褌胁褍褞褖懈械
Image 2236.png,写褉械胁薪懈屑懈
Image 2237.png,褏褉邪屑邪屑懈
Image 2238.png,写胁芯褉褑邪屑懈
Image 2239.png,袗褉褏懈褌械泻褌芯褉褘
Image 2240.png,胁褋械泄
Image 2241.png,褋褌褉邪薪械
Image 2242.png,褋芯褔械褌邪褞褌
Image 2243.png,褌褉邪写懈褑懈芯薪薪褘械
Image 2244.png,屑芯褌懈胁褘
Image 2245.png,邪褉泻懈
Image 2246.png,泻褍锌芯谢邪
Image 2247.png,薪邪褉芯写薪褘械
Image 2248.png,芯褉薪邪屑械薪褌褘
Image 2249.png,屑懈褉芯胁褘屑懈
Image 2250.png,褌械薪写械薪褑懈褟屑懈
Image 2251.png,褎芯褉屑懈褉褍褟
Image 2252.png,褟褉泻懈泄
Image 2253.png,邪褉褏懈褌械泻褌褍褉薪褘泄
Image 2254.png,谢邪薪写褕邪褎褌
Image 2255.png,芯褌褉邪卸邪褞褖懈泄
Image 2256.png,锌褉芯写芯谢卸邪褞褖械械褋褟
Image 2257.png,锌褉械芯斜褉邪蟹芯胁邪薪懈械
Image 2258.png,褋褌褉邪薪褘孝褉邪薪褋锌芯褉褌
Image 2259.png,袪芯褋褋懈懈
Image 2260.png,懈褋褌芯褉懈褟
Image 2261.png,锌褉械芯写芯谢械薪懈褟
Image 2262.png,褉邪褋褋褌芯褟薪懈泄
Image 2263.png,泻谢懈屑邪褌邪
Image 2264.png,褉械谢褜械褎邪
Image 2265.png,泻褉褍锌薪械泄褕邪褟
Image 2266.png,褋褌褉邪薪邪
Image 2267.png,屑懈褉邪
Image 2268.png,锌褉芯褋褌懈褉邪褞褖邪褟褋褟
Image 2269.png,袙芯褋褌芯褔薪芯泄
Image 2270.png,袝胁褉芯锌褘
Image 2271.png,孝懈褏芯谐芯
Image 2272.png,芯泻械邪薪邪
Image 2273.png,褌褍薪写褉芯泄
Image 2274.png,褌邪泄谐芯泄
Image 2275.png,褋褌械锌褟屑懈
Image 2276.png,谐芯褉邪屑懈
Image 2277.png,袩械褉械屑械褖械薪懈械
Image 2278.png,谢褞写械泄
Image 2279.png,谐褉褍蟹芯胁
Image 2280.png,锌褉芯褋褌芯褉邪屑
Image 2281.png,胁褋械谐写邪
Image 2282.png,斜褘谢芯
Image 2283.png,蟹邪写邪褔械泄
Image 2284.png,褌褉械斜褍褞褖械泄
Image 2285.png,懈蟹芯斜褉械褌邪褌械谢褜薪芯褋褌懈袞械谢械蟹薪芯写芯褉芯卸薪邪褟
Image 2286.png,褋械褌褜
Image 2287.png,芯褋薪芯胁邪
Image 2288.png,褉芯褋褋懈泄褋泻芯谐芯
Image 2289.png,褌褉邪薪褋锌芯褉褌邪
Image 2290.png,孝褉邪薪褋褋懈斜懈褉褋泻邪褟
Image 2291.png,屑邪谐懈褋褌褉邪谢褜
Image 2292.png,蟹邪胁械褉褕褢薪薪邪褟
Image 2293.png,薪邪褔邪谢械
Image 2294.png,写胁邪写褑邪褌芯谐芯
Image 2295.png,胁械泻邪
Image 2296.png,芯褋褌邪褢褌褋褟
Image 2297.png,芯写薪懈屑
Image 2298.png,褋邪屑褘褏
Image 2299.png,谢械谐械薪写邪褉薪褘褏
Image 2300.png,屑邪褉褕褉褍褌芯胁
Image 2301.png,屑懈褉邪
Image 2302.png,袩褉芯褌褟卸褢薪薪芯褋褌褜褞
Image 2303.png,褌褘褋褟褔懈
Image 2304.png,泻懈谢芯屑械褌褉芯胁
Image 2305.png,褋芯械写懈薪褟械褌
Image 2306.png,袦芯褋泻胁褍
Image 2307.png,袙谢邪写懈胁芯褋褌芯泻
Image 2308.png,锌褉芯褏芯写褟
Image 2309.png,谢械褋邪屑
Image 2310.png,褉械泻邪屑
Image 2311.png,谐芯褉邪屑
Image 2312.png,褋褌械锌褟屑
Image 2313.png,协褌邪
Image 2314.png,谢懈薪懈褟
Image 2315.png,褋褌邪谢邪
Image 2316.png,懈薪卸械薪械褉薪褘屑
Image 2317.png,褌褉懈褍屑褎芯屑
Image 2318.png,芯斜褗械写懈薪懈胁
Image 2319.png,械胁褉芯锌械泄褋泻褍褞
Image 2320.png,邪蟹懈邪褌褋泻褍褞
Image 2321.png,褔邪褋褌懈
Image 2322.png,褋褌褉邪薪褘
Image 2323.png,褋锌芯褋芯斜褋褌胁芯胁邪胁
Image 2324.png,芯褋胁芯械薪懈褞
Image 2325.png,小懈斜懈褉懈
Image 2326.png,袛邪谢褜薪械谐芯
Image 2327.png,袙芯褋褌芯泻邪袞械谢械蟹薪褘械
Image 2328.png,写芯褉芯谐懈
Image 2329.png,褋芯械写懈薪褟褞褌
Image 2330.png,锌芯褔褌懈
Image 2331.png,泻褉褍锌薪褘械
Image 2332.png,谐芯褉芯写邪
Image 2333.png,褉械谐懈芯薪褘
Image 2334.png,袩芯械蟹写邪
Image 2335.png,写邪谢褜薪械谐芯
Image 2336.png,褋谢械写芯胁邪薪懈褟
Image 2337.png,锌褉械写谢邪谐邪褞褌
Image 2338.png,褉邪蟹薪褘械
Image 2339.png,泻谢邪褋褋褘
Image 2340.png,褉芯褋泻芯褕薪褘褏
Image 2341.png,泻褍锌械
Image 2342.png,锌褉芯褋褌褘褏
Image 2343.png,屑械褋褌
Image 2344.png,褟胁谢褟褞褌褋褟
Image 2345.png,胁邪卸薪褘屑
Image 2346.png,褋褉械写褋褌胁芯屑
Image 2347.png,锌械褉械写胁懈卸械薪懈褟
Image 2348.png,屑懈谢谢懈芯薪芯胁
Image 2349.png,小械褌褜
Image 2350.png,褌邪泻卸械
Image 2351.png,锌械褉械胁芯蟹懈褌
Image 2352.png,谐褉褍蟹褘
Image 2353.png,褍谐芯谢褜
Image 2354.png,薪械褎褌褜
Image 2355.png,谢械褋
Image 2356.png,蟹械褉薪芯
Image 2357.png,褌芯胁邪褉褘
Image 2358.png,胁褋械泄
Image 2359.png,褋褌褉邪薪械
Image 2360.png,薪械泻芯褌芯褉褘褏
Image 2361.png,褍写邪谢褢薪薪褘褏
Image 2362.png,褉邪泄芯薪邪褏
Image 2363.png,锌芯械蟹写邪
Image 2364.png,械写懈薪褋褌胁械薪薪邪褟
Image 2365.png,薪邪写褢卸薪邪褟
Image 2366.png,褋胁褟蟹褜
Image 2367.png,胁薪械褕薪懈屑
Image 2368.png,屑懈褉芯屑
Image 2369.png,芯褋芯斜械薪薪芯
Image 2370.png,蟹懈屑芯泄
Image 2371.png,泻芯谐写邪
Image 2372.png,写芯褉芯谐懈
Image 2373.png,褋褌邪薪芯胁褟褌褋褟
Image 2374.png,薪械锌褉芯褏芯写懈屑褘屑懈袚芯褉芯写褋泻芯泄
Image 2375.png,褉械谢褜褋芯胁褘泄
Image 2376.png,褌褉邪薪褋锌芯褉褌
Image 2377.png,褌邪泻卸械
Image 2378.png,褏芯褉芯褕芯
Image 2379.png,褉邪蟹胁懈褌
Image 2380.png,袦芯褋泻芯胁褋泻芯械
Image 2381.png,屑械褌褉芯
Image 2382.png,芯褌泻褉褘褌芯械
Image 2383.png,褌褉懈写褑邪褌褘褏
Image 2384.png,谐芯写邪褏
Image 2385.png,蟹薪邪屑械薪懈褌芯
Image 2386.png,褌芯谢褜泻芯
Image 2387.png,褝褎褎械泻褌懈胁薪芯褋褌褜褞
Image 2388.png,泻褉邪褋芯褌芯泄
Image 2389.png,褋褌邪薪褑懈泄
Image 2390.png,袦褉邪屑芯褉薪褘械
Image 2391.png,泻芯谢芯薪薪褘
Image 2392.png,屑芯蟹邪懈泻懈
Image 2393.png,谢褞褋褌褉褘
Image 2394.png,褋泻褍谢褜锌褌褍褉褘
Image 2395.png,褋芯蟹写邪褞褌
Image 2396.png,邪褌屑芯褋褎械褉褍
Image 2397.png,写胁芯褉褑邪
Image 2398.png,薪邪褉芯写邪
Image 2399.png,袣邪卸写邪褟
Image 2400.png,褋褌邪薪褑懈褟
Image 2401.png,懈屑械械褌
Image 2402.png,褍薪懈泻邪谢褜薪褘泄
Image 2403.png,写懈蟹邪泄薪
Image 2404.png,褔邪褋褌芯
Image 2405.png,芯褌褉邪卸邪褞褖懈泄
Image 2406.png,懈褋褌芯褉懈褞
Image 2407.png,泻褍谢褜褌褍褉褍
Image 2408.png,褉邪泄芯薪邪
Image 2409.png,袛褉褍谐懈械
Image 2410.png,泻褉褍锌薪褘械
Image 2411.png,谐芯褉芯写邪
Image 2412.png,褌邪泻懈械
Image 2413.png,小邪薪泻褌
Image 2414.png,袩械褌械褉斜褍褉谐
Image 2415.png,袧芯胁芯褋懈斜懈褉褋泻
Image 2416.png,袧懈卸薪懈泄
Image 2417.png,袧芯胁谐芯褉芯写
Image 2418.png,懈屑械褞褌
Image 2419.png,褋胁芯懈
Image 2420.png,屑械褌褉芯锌芯谢懈褌械薪褘
Image 2421.png,褌褉邪屑胁邪懈
Image 2422.png,褝谢械泻褌褉懈褔泻懈
Image 2423.png,褉邪斜芯褌邪褞褌
Image 2424.png,屑械薪褜褕懈褏
Image 2425.png,谐芯褉芯写邪褏
Image 2426.png,锌褉懈谐芯褉芯写邪褏袪芯褋褋懈泄褋泻邪褟
Image 2427.png,写芯褉芯卸薪邪褟
Image 2428.png,褋械褌褜
Image 2429.png,芯斜褕懈褉薪邪
Image 2430.png,褋芯械写懈薪褟褟
Image 2431.png,谐芯褉芯写邪
Image 2432.png,锌芯褋褢谢泻懈
Image 2433.png,写械褉械胁薪懈
Image 2434.png,胁褋械泄
Image 2435.png,褌械褉褉懈褌芯褉懈懈
Image 2436.png,袣褉褍锌薪褘械
Image 2437.png,邪胁褌芯屑邪谐懈褋褌褉邪谢懈
Image 2438.png,褋胁褟蟹褘胁邪褞褌
Image 2439.png,袦芯褋泻胁褍
Image 2440.png,小邪薪泻褌-袩械褌械褉斜褍褉谐芯屑
Image 2441.png,袩芯胁芯谢卸褜械屑
Image 2442.png,写褉褍谐懈屑懈
Image 2443.png,褉械谐懈芯薪邪屑懈
Image 2444.png,肖械写械褉邪谢褜薪邪褟
Image 2445.png,褋懈褋褌械屑邪
Image 2446.png,写芯褉芯谐
Image 2447.png,锌芯写写械褉卸懈胁邪械褌
Image 2448.png,写邪谢褜薪懈械
Image 2449.png,锌芯械蟹写泻懈
Image 2450.png,邪胁褌芯屑芯斜懈谢褟褏
Image 2451.png,邪胁褌芯斜褍褋邪褏
Image 2452.png,谐褉褍蟹芯胁懈泻邪褏
Image 2453.png,袨写薪邪泻芯
Image 2454.png,泻邪褔械褋褌胁芯
Image 2455.png,写芯褉芯谐
Image 2456.png,褋懈谢褜薪芯
Image 2457.png,褉邪蟹谢懈褔邪械褌褋褟
Image 2458.png,芯褋芯斜械薪薪芯
Image 2459.png,芯褌写邪谢褢薪薪褘褏
Image 2460.png,褋械胁械褉薪褘褏
Image 2461.png,褉邪泄芯薪邪褏
Image 2462.png,褋褍褉芯胁邪褟
Image 2463.png,锌芯谐芯写邪
Image 2464.png,胁械褔薪邪褟
Image 2465.png,屑械褉蟹谢芯褌邪
Image 2466.png,薪械褏胁邪褌泻邪
Image 2467.png,懈薪胁械褋褌懈褑懈泄
Image 2468.png,褋芯蟹写邪褞褌
Image 2469.png,褌褉褍写薪芯褋褌懈
Image 2470.png,袙械褋薪芯泄
Image 2471.png,芯褋械薪褜褞
Image 2472.png,薪械泻芯褌芯褉褘褏
Image 2473.png,屑械褋褌邪褏
Image 2474.png,写芯褉芯谐懈
Image 2475.png,褋褌邪薪芯胁褟褌褋褟
Image 2476.png,薪械锌褉芯褏芯写懈屑褘屑懈
Image 2477.png,褌邪褟薪懈褟
Image 2478.png,褋薪械谐邪
Image 2479.png,写芯卸写械泄袚芯褉芯写褋泻懈械
Image 2480.png,褍谢懈褑褘
Image 2481.png,褔邪褋褌芯
Image 2482.png,褕懈褉芯泻懈械
Image 2483.png,褉邪褋褋褔懈褌邪薪褘
Image 2484.png,懈薪褌械薪褋懈胁薪芯械
Image 2485.png,写胁懈卸械薪懈械
Image 2486.png,袦邪褉褕褉褍褌泻懈
Image 2487.png,邪胁褌芯斜褍褋褘
Image 2488.png,褌褉芯谢谢械泄斜褍褋褘
Image 2489.png,锌褉懈胁褘褔薪褘械
Image 2490.png,谐芯褉芯写褋泻懈械
Image 2491.png,褌褉邪薪褋锌芯褉褌薪褘械
Image 2492.png,褋褉械写褋褌胁邪
Image 2493.png,锌芯褋谢械写薪懈械
Image 2494.png,谐芯写褘
Image 2495.png,锌芯锌褍谢褟褉薪芯褋褌褜
Image 2496.png,薪邪斜懈褉邪褞褌
Image 2497.png,褌邪泻褋懈
Image 2498.png,褋械褉胁懈褋褘
Image 2499.png,蟹邪泻邪蟹邪
Image 2500.png,锌芯械蟹写芯泻
Image 2501.png,锌褉懈谢芯卸械薪懈褟
Image 2502.png,芯褋芯斜械薪薪芯
Image 2503.png,泻褉褍锌薪褘褏
Image 2504.png,谐芯褉芯写邪褏
Image 2505.png,袧械褋屑芯褌褉褟
Image 2506.png,锌褉芯斜泻懈
Image 2507.png,懈蟹薪芯褕械薪薪褍褞
Image 2508.png,懈薪褎褉邪褋褌褉褍泻褌褍褉褍
Image 2509.png,写芯褉芯谐懈
Image 2510.png,芯褋褌邪褞褌褋褟
Image 2511.png,芯褋薪芯胁芯泄
Image 2512.png,锌芯胁褋械写薪械胁薪芯泄
Image 2513.png,卸懈蟹薪懈
Image 2514.png,褌芯褉谐芯胁谢懈袘谢邪谐芯写邪褉褟
Image 2515.png,芯谐褉芯屑薪褘屑
Image 2516.png,褉邪褋褋褌芯褟薪懈褟屑
Image 2517.png,胁薪褍褌褉懈
Image 2518.png,褋褌褉邪薪褘
Image 2519.png,胁芯蟹写褍褕薪褘泄
Image 2520.png,褌褉邪薪褋锌芯褉褌
Image 2521.png,懈屑械械褌
Image 2522.png,泻谢褞褔械胁芯械
Image 2523.png,蟹薪邪褔械薪懈械
Image 2524.png,褋胁褟蟹懈
Image 2525.png,褉械谐懈芯薪邪屑懈
Image 2526.png,袛械褋褟褌泻懈
Image 2527.png,邪胁懈邪泻芯屑锌邪薪懈泄
Image 2528.png,胁褘锌芯谢薪褟褞褌
Image 2529.png,褉械泄褋褘
Image 2530.png,屑械卸写褍
Image 2531.png,谐芯褉芯写邪屑懈
Image 2532.png,谐谢邪胁薪褘褏
Image 2533.png,屑芯褋泻芯胁褋泻懈褏
Image 2534.png,邪褝褉芯锌芯褉褌芯胁
Image 2535.png,楔械褉械屑械褌褜械胁芯
Image 2536.png,袛芯屑芯写械写芯胁芯
Image 2537.png,袙薪褍泻芯胁芯
Image 2538.png,写邪谢褢泻懈褏
Image 2539.png,锌褍薪泻褌芯胁
Image 2540.png,小懈斜懈褉懈
Image 2541.png,袗褉泻褌懈泻懈
Image 2542.png,袛邪谢褜薪械谐芯
Image 2543.png,袙芯褋褌芯泻邪
Image 2544.png,薪械泻芯褌芯褉褘褏
Image 2545.png,锌芯褋褢谢泻芯胁
Image 2546.png,芯褋芯斜械薪薪芯
Image 2547.png,锌芯谢褟褉薪褘屑
Image 2548.png,泻褉褍谐芯屑
Image 2549.png,褋邪屑芯谢褢褌褘
Image 2550.png,械写懈薪褋褌胁械薪薪褘泄
Image 2551.png,褉械邪谢褜薪褘泄
Image 2552.png,褋锌芯褋芯斜
Image 2553.png,写芯斜褉邪褌褜褋褟
Image 2554.png,芯褋褌邪谢褜薪芯谐芯
Image 2555.png,屑懈褉邪
Image 2556.png,斜芯谢褜褕褍褞
Image 2557.png,褔邪褋褌褜
Image 2558.png,谐芯写邪袪芯褋褋懈褟
Image 2559.png,谐芯褉写懈褌褋褟
Image 2560.png,褋胁芯懈屑懈
Image 2561.png,写芯褋褌懈卸械薪懈褟屑懈
Image 2562.png,邪胁懈邪褑懈懈
Image 2563.png,蟹薪邪屑械薪懈褌褘械
Image 2564.png,泻芯薪褋褌褉褍泻褌芯褉褘
Image 2565.png,孝褍锌芯谢械胁
Image 2566.png,袠谢褜褞褕懈薪
Image 2567.png,小褍褏芯泄
Image 2568.png,胁薪械褋谢懈
Image 2569.png,胁泻谢邪写
Image 2570.png,谐褉邪卸写邪薪褋泻褍褞
Image 2571.png,胁芯械薪薪褍褞
Image 2572.png,邪胁懈邪褑懈褞
Image 2573.png,袙械褉褌芯谢褢褌褘
Image 2574.png,褕懈褉芯泻芯
Image 2575.png,懈褋锌芯谢褜蟹褍褞褌褋褟
Image 2576.png,写芯褋褌邪胁泻懈
Image 2577.png,谢褞写械泄
Image 2578.png,谐褉褍蟹芯胁
Image 2579.png,褌褉褍写薪芯写芯褋褌褍锌薪褘械
Image 2580.png,褉邪泄芯薪褘
Image 2581.png,芯斜褋谢褍卸懈胁邪薪懈褟
Image 2582.png,薪械褎褌械谐邪蟹芯胁褘褏
Image 2583.png,芯斜褗械泻褌芯胁袨谐褉芯屑薪邪褟
Image 2584.png,褋械褌褜
Image 2585.png,褉械泻
Image 2586.png,芯蟹褢褉
Image 2587.png,胁褋械谐写邪
Image 2588.png,懈屑械谢邪
Image 2589.png,斜芯谢褜褕芯械
Image 2590.png,蟹薪邪褔械薪懈械
Image 2591.png,褌芯褉谐芯胁谢懈
Image 2592.png,褌褉邪薪褋锌芯褉褌邪
Image 2593.png,褋胁褟蟹懈
Image 2594.png,袙芯谢谐邪
Image 2595.png,褋邪屑邪褟
Image 2596.png,写谢懈薪薪邪褟
Image 2597.png,褉械泻邪
Image 2598.png,褋褌褉邪薪褘
Image 2599.png,胁邪卸薪械泄褕邪褟
Image 2600.png,褌褉邪薪褋锌芯褉褌薪邪褟
Image 2601.png,邪褉褌械褉懈褟
Image 2602.png,褋芯械写懈薪褟褞褖邪褟
Image 2603.png,褑械薪褌褉
Image 2604.png,袪芯褋褋懈懈
Image 2605.png,袣邪褋锌懈泄褋泻懈屑
Image 2606.png,屑芯褉械屑
Image 2607.png,袩芯
Image 2608.png,褉械泻邪屑
Image 2609.png,褏芯写褟褌
Image 2610.png,锌邪褋褋邪卸懈褉褋泻懈械
Image 2611.png,谐褉褍蟹芯胁褘械
Image 2612.png,褋褍写邪
Image 2613.png,锌芯褉褌褘
Image 2614.png,锌芯写写械褉卸懈胁邪褞褌
Image 2615.png,褉邪斜芯褌褍
Image 2616.png,褉械谐懈芯薪邪谢褜薪褘褏
Image 2617.png,褝泻芯薪芯屑懈泻袛褉褍谐懈械
Image 2618.png,泻褉褍锌薪褘械
Image 2619.png,褉械泻懈
Image 2620.png,袥械薪邪
Image 2621.png,袝薪懈褋械泄
Image 2622.png,袨斜褜
Image 2623.png,袗屑褍褉
Image 2624.png,褌芯卸械
Image 2625.png,褋谢褍卸邪褌
Image 2626.png,邪褉褌械褉懈褟屑懈
Image 2627.png,褋胁芯懈褏
Image 2628.png,褉械谐懈芯薪芯胁
Image 2629.png,褋械胁械褉械
Image 2630.png,谢械写芯泻芯谢褘
Image 2631.png,褋锌械褑懈邪谢褜薪褘械
Image 2632.png,褋褍写邪
Image 2633.png,锌芯写写械褉卸懈胁邪褞褌
Image 2634.png,褉邪斜芯褌褍
Image 2635.png,锌芯褉褌芯胁
Image 2636.png,蟹懈屑芯泄
Image 2637.png,芯斜械褋锌械褔懈胁邪褟
Image 2638.png,褝泻褋锌芯褉褌
Image 2639.png,薪械褎褌懈
Image 2640.png,谐邪蟹邪
Image 2641.png,褉褍写褘
Image 2642.png,写褉械胁械褋懈薪褘
Image 2643.png,袦芯褉褋泻芯泄
Image 2644.png,褎谢芯褌
Image 2645.png,褋褌褉邪薪褘
Image 2646.png,褉邪斜芯褌邪械褌
Image 2647.png,袘邪谢褌懈泻械
Image 2648.png,效褢褉薪芯屑
Image 2649.png,孝懈褏芯屑
Image 2650.png,屑芯褉褟褏
Image 2651.png,袗褉泻褌懈泻械
Image 2652.png,锌芯写写械褉卸懈胁邪褟
Image 2653.png,屑械卸写褍薪邪褉芯写薪褍褞
Image 2654.png,褌芯褉谐芯胁谢褞
Image 2655.png,褉褘斜芯谢芯胁褋褌胁芯薪械泻芯褌芯褉褘褏
Image 2656.png,谐芯褉芯写邪褏
Image 2657.png,薪邪锌褉懈屑械褉
Image 2658.png,小邪薪泻褌
Image 2659.png,袩械褌械褉斜褍褉谐械
Image 2660.png,泻邪薪邪谢褘
Image 2661.png,褉械泻懈
Image 2662.png,褔邪褋褌褜
Image 2663.png,谐芯褉芯写褋泻芯泄
Image 2664.png,卸懈蟹薪懈
Image 2665.png,褌褍褉懈蟹屑邪
Image 2666.png,袙芯写薪褘械
Image 2667.png,褌邪泻褋懈
Image 2668.png,锌褉芯谐褍谢芯褔薪褘械
Image 2669.png,泻邪褌械褉邪
Image 2670.png,锌芯蟹胁芯谢褟褞褌
Image 2671.png,胁蟹谐谢褟薪褍褌褜
Image 2672.png,写胁芯褉褑褘
Image 2673.png,屑芯褋褌褘
Image 2674.png,谐芯褉芯写邪
Image 2675.png,胁芯写褘袣谢懈屑邪褌
Image 2676.png,谐械芯谐褉邪褎懈褟
Image 2677.png,袪芯褋褋懈懈
Image 2678.png,褋锌芯褋芯斜褋褌胁芯胁邪谢懈
Image 2679.png,锌芯褟胁谢械薪懈褞
Image 2680.png,褍薪懈泻邪谢褜薪褘褏
Image 2681.png,胁懈写芯胁
Image 2682.png,褌褉邪薪褋锌芯褉褌邪
Image 2683.png,袣褉邪泄薪械屑
Image 2684.png,小械胁械褉械
Image 2685.png,小懈斜懈褉懈
Image 2686.png,锌械褉械写胁懈卸械薪懈褟
Image 2687.png,褋薪械谐褍
Image 2688.png,谢褜写褍
Image 2689.png,懈褋锌芯谢褜蟹褍褞褌
Image 2690.png,芯谢械薪褜懈
Image 2691.png,褍锌褉褟卸泻懈
Image 2692.png,褋薪械谐芯褏芯写褘
Image 2693.png,胁械蟹写械褏芯写褘
Image 2694.png,袟懈屑芯泄
Image 2695.png,褍褋褌褉邪懈胁邪褞褌
Image 2696.png,蟹懈屑薪懈泻懈
Image 2697.png,胁褉械屑械薪薪褘械
Image 2698.png,写芯褉芯谐懈
Image 2699.png,谢褜写褍
Image 2700.png,褉械泻
Image 2701.png,芯蟹褢褉
Image 2702.png,谐褉褍蟹芯胁懈泻懈
Image 2703.png,屑芯谐谢懈
Image 2704.png,写芯斜懈褉邪褌褜褋褟
Image 2705.png,褌褉褍写薪芯写芯褋褌褍锌薪褘褏
Image 2706.png,屑械褋褌
Image 2707.png,褋械谢褜褋泻芯泄
Image 2708.png,屑械褋褌薪芯褋褌懈
Image 2709.png,褋懈褏
Image 2710.png,锌芯褉
Image 2711.png,懈褋锌芯谢褜蟹褍褞褌
Image 2712.png,谐褍卸械胁芯泄
Image 2713.png,褌褉邪薪褋锌芯褉褌
Image 2714.png,褋邪薪懈
Image 2715.png,褌械谢械谐懈
Image 2716.png,芯褋芯斜械薪薪芯
Image 2717.png,写芯褉芯谐
Image 2718.png,芯薪懈
Image 2719.png,锌谢芯褏芯屑
Image 2720.png,褋芯褋褌芯褟薪懈懈袚芯褉芯写褋泻芯泄
Image 2721.png,胁械谢芯褌褉邪薪褋锌芯褉褌
Image 2722.png,屑械薪械械
Image 2723.png,锌芯锌褍谢褟褉械薪
Image 2724.png,袟邪锌邪写薪芯泄
Image 2725.png,袝胁褉芯锌械
Image 2726.png,泻谢懈屑邪褌邪
Image 2727.png,懈薪褎褉邪褋褌褉褍泻褌褍褉褘
Image 2728.png,褋褌邪薪芯胁懈褌褋褟
Image 2729.png,斜芯谢械械
Image 2730.png,胁芯褋褌褉械斜芯胁邪薪薪褘屑
Image 2731.png,芯褋芯斜械薪薪芯
Image 2732.png,袦芯褋泻胁械
Image 2733.png,袩械褌械褉斜褍褉谐械
Image 2734.png,褋褌褉芯褟褌
Image 2735.png,胁械谢芯写芯褉芯卸泻懈
Image 2736.png,胁薪械写褉褟褞褌
Image 2737.png,锌褉芯泻邪褌袗褉褏懈褌械泻褌褍褉邪
Image 2738.png,褌褉邪薪褋锌芯褉褌
Image 2739.png,袪芯褋褋懈懈
Image 2740.png,褋褌邪谢泻懈胁邪褞褌褋褟
Image 2741.png,屑薪芯谐懈屑懈
Image 2742.png,胁褘蟹芯胁邪屑懈
Image 2743.png,小褍褉芯胁褘械
Image 2744.png,蟹懈屑褘
Image 2745.png,褌邪褟薪懈械
Image 2746.png,胁械褔薪芯泄
Image 2747.png,屑械褉蟹谢芯褌褘
Image 2748.png,蟹械屑谢械褌褉褟褋械薪懈褟
Image 2749.png,袛邪谢褜薪械屑
Image 2750.png,袙芯褋褌芯泻械
Image 2751.png,斜褘褋褌褉邪褟
Image 2752.png,褍褉斜邪薪懈蟹邪褑懈褟
Image 2753.png,胁褋褢
Image 2754.png,褝褌芯
Image 2755.png,懈褋锌褘褌褘胁邪械褌
Image 2756.png,锌褉芯褔薪芯褋褌褜
Image 2757.png,蟹写邪薪懈褟
Image 2758.png,懈薪褎褉邪褋褌褉褍泻褌褍褉褍
Image 2759.png,锌芯褋谢械写薪懈械
Image 2760.png,写械褋褟褌懈谢械褌懈褟
Image 2761.png,谐芯褋褍写邪褉褋褌胁芯
Image 2762.png,胁泻谢邪写褘胁邪械褌
Image 2763.png,褋褉械写褋褌胁邪
Image 2764.png,屑芯写械褉薪懈蟹邪褑懈褞
Image 2765.png,褌褉邪薪褋锌芯褉褌邪
Image 2766.png,褋褌褉芯褟褌褋褟
Image 2767.png,薪芯胁褘械
Image 2768.png,屑邪谐懈褋褌褉邪谢懈
Image 2769.png,褉邪褋褕懈褉褟褞褌褋褟
Image 2770.png,邪褝褉芯锌芯褉褌褘
Image 2771.png,芯斜薪芯胁谢褟褞褌褋褟
Image 2772.png,卸械谢械蟹薪褘械
Image 2773.png,写芯褉芯谐懈
Image 2774.png,袩褉芯械泻褌褘
Image 2775.png,胁褉芯写械
Image 2776.png,褋泻芯褉芯褋褌薪芯谐芯
Image 2777.png,锌芯械蟹写邪
Image 2778.png,小邪锌褋邪薪
Image 2779.png,屑械卸写褍
Image 2780.png,袦芯褋泻胁芯泄
Image 2781.png,袩械褌械褉斜褍褉谐芯屑
Image 2782.png,薪芯胁褘械
Image 2783.png,谢懈薪懈懈
Image 2784.png,屑械褌褉芯
Image 2785.png,褉邪蟹胁懈褌懈械
Image 2786.png,褍屑薪褘褏
Image 2787.png,谐芯褉芯写芯胁
Image 2788.png,写械谢邪褞褌
Image 2789.png,屑械谐邪锌芯谢懈褋褘
Image 2790.png,斜芯谢械械
Image 2791.png,褍写芯斜薪褘屑懈
Image 2792.png,褋芯胁褉械屑械薪薪褘屑懈袗褉褏懈褌械泻褌芯褉褘
Image 2793.png,懈薪卸械薪械褉褘
Image 2794.png,褉邪蟹褉邪斜邪褌褘胁邪褞褌
Image 2795.png,懈薪薪芯胁邪褑懈芯薪薪褘械
Image 2796.png,锌芯写褏芯写褘
Image 2797.png,褍褋褌芯泄褔懈胁芯屑褍
Image 2798.png,褋褌褉芯懈褌械谢褜褋褌胁褍
Image 2799.png,锌褉懈屑械薪褟褞褌
Image 2800.png,褝薪械褉谐芯褝褎褎械泻褌懈胁薪褘械
Image 2801.png,屑邪褌械褉懈邪谢褘
Image 2802.png,蟹械谢褢薪褘械
Image 2803.png,泻褉褘褕懈
Image 2804.png,褋芯胁褉械屑械薪薪褘械
Image 2805.png,褋懈褋褌械屑褘
Image 2806.png,芯褌芯锌谢械薪懈褟
Image 2807.png,褍屑械薪褜褕械薪懈褟
Image 2808.png,胁芯蟹写械泄褋褌胁懈褟
Image 2809.png,芯泻褉褍卸邪褞褖褍褞
Image 2810.png,褋褉械写褍
Image 2811.png,袪械褋褌邪胁褉邪褑懈褟
Image 2812.png,懈褋褌芯褉懈褔械褋泻懈褏
Image 2813.png,褉邪泄芯薪芯胁
Image 2814.png,袦芯褋泻胁褘
Image 2815.png,袣邪蟹邪薪懈
Image 2816.png,写褉褍谐懈褏
Image 2817.png,谐芯褉芯写芯胁
Image 2818.png,褋芯褔械褌邪械褌褋褟
Image 2819.png,芯斜薪芯胁谢械薪懈械屑
Image 2820.png,锌褉懈胁谢械泻邪械褌
Image 2821.png,褌褍褉懈褋褌芯胁
Image 2822.png,锌芯写写械褉卸懈胁邪械褌
Image 2823.png,屑械褋褌薪褍褞
Image 2824.png,褝泻芯薪芯屑懈泻褍袗褉褏懈褌械泻褌褍褉邪
Image 2825.png,褌褉邪薪褋锌芯褉褌
Image 2826.png,锌褉芯褋褌芯
Image 2827.png,褌械褏薪懈褔械褋泻懈械
Image 2828.png,写芯褋褌懈卸械薪懈褟
Image 2829.png,褔邪褋褌褜
Image 2830.png,械卸械写薪械胁薪芯泄
Image 2831.png,卸懈蟹薪懈
Image 2832.png,袩邪屑褟褌薪懈泻懈
Image 2833.png,褏褉邪屑褘
Image 2834.png,卸懈谢褘械
Image 2835.png,写芯屑邪
Image 2836.png,芯锌褉械写械谢褟褞褌
Image 2837.png,芯斜谢懈泻
Image 2838.png,褉邪泄芯薪芯胁
Image 2839.png,褌褉邪薪褋锌芯褉褌
Image 2840.png,写懈泻褌褍械褌
Image 2841.png,谢褞写懈
Image 2842.png,褉邪斜芯褌邪褞褌
Image 2843.png,锌褍褌械褕械褋褌胁褍褞褌
Image 2844.png,芯斜褖邪褞褌褋褟
Image 2845.png,袙械谢懈褔懈械
Image 2846.png,褋褌邪薪褑懈懈
Image 2847.png,屑械褌褉芯
Image 2848.png,褍褞褌
Image 2849.png,屑薪芯谐芯褔邪褋芯胁芯泄
Image 2850.png,锌芯械蟹写泻懈
Image 2851.png,锌芯械蟹写械
Image 2852.png,褋懈谢褍褝褌
Image 2853.png,褏褉邪屑芯胁芯谐芯
Image 2854.png,泻褍锌芯谢邪
Image 2855.png,蟹邪泻邪褌械
Image 2856.png,褕褍屑
Image 2857.png,芯卸懈胁谢褢薪薪芯泄
Image 2858.png,褍谢懈褑褘
Image 2859.png,褔邪褋褌褜
Image 2860.png,褉芯褋褋懈泄褋泻芯谐芯
Image 2861.png,芯锌褘褌邪袩褉邪蟹写薪懈泻懈
Image 2862.png,锌邪褉邪写褘
Image 2863.png,屑邪褋褋芯胁褘械
Image 2864.png,屑械褉芯锌褉懈褟褌懈褟
Image 2865.png,褔邪褋褌芯
Image 2866.png,锌褉芯褏芯写褟褌
Image 2867.png,邪褉褏懈褌械泻褌褍褉薪褘褏
Image 2868.png,锌邪屑褟褌薪懈泻芯胁
Image 2869.png,锌谢芯褖邪写褟褏
Image 2870.png,屑懈谢谢懈芯薪芯胁
Image 2871.png,谢褞写械泄
Image 2872.png,械卸械写薪械胁薪邪褟
Image 2873.png,锌芯械蟹写泻邪
Image 2874.png,屑械褌褉芯
Image 2875.png,邪胁褌芯斜褍褋械
Image 2876.png,芯斜褖械械
Image 2877.png,褋芯褑懈邪谢褜薪芯械
Image 2878.png,褋芯斜褘褌懈械
Image 2879.png,胁懈写
Image 2880.png,泻褍锌芯谢邪
Image 2881.png,胁写邪谢懈
Image 2882.png,蟹胁褍泻
Image 2883.png,锌芯械蟹写邪
Image 2884.png,胁褘蟹褘胁邪褞褌
Image 2885.png,胁芯褋锌芯屑懈薪邪薪懈褟
Image 2886.png,褔褍胁褋褌胁芯
Image 2887.png,写芯屑邪袗褉褏懈褌械泻褌褍褉邪
Image 2888.png,褌褉邪薪褋锌芯褉褌
Image 2889.png,袪芯褋褋懈懈
Image 2890.png,褝褌芯
Image 2891.png,写懈薪邪屑懈褔薪芯械
Image 2892.png,懈蟹屑械薪褟褞褖械械褋褟
Image 2893.png,锌芯谢芯褌薪芯
Image 2894.png,芯褌褉邪卸邪褞褖械械
Image 2895.png,芯谐褉芯屑薪褘械
Image 2896.png,锌褉芯褋褌芯褉褘
Image 2897.png,屑薪芯谐芯芯斜褉邪蟹懈械
Image 2898.png,胁褘薪芯褋谢懈胁芯褋褌褜
Image 2899.png,薪邪褉芯写邪
Image 2900.png,褋褉械写薪械胁械泻芯胁褘褏
Image 2901.png,褑械褉泻胁械泄
Image 2902.png,懈屑锌械褉邪褌芯褉褋泻懈褏
Image 2903.png,写胁芯褉褑芯胁
Image 2904.png,褋芯胁械褌褋泻懈褏
Image 2905.png,胁褘褋芯褌芯泻
Image 2906.png,褋芯胁褉械屑械薪薪褘褏
Image 2907.png,褋褌械泻谢褟薪薪褘褏
Image 2908.png,斜邪褕械薪
Image 2909.png,胁褋褢
Image 2910.png,褝褌芯
Image 2911.png,褉邪褋褋泻邪蟹褘胁邪械褌
Image 2912.png,懈褋褌芯褉懈褞
Image 2913.png,褋褌褉邪薪褘
Image 2914.png,孝褉邪薪褋锌芯褉褌薪褘械
Image 2915.png,褋械褌懈
Image 2916.png,卸械谢械蟹薪褘械
Image 2917.png,写芯褉芯谐懈
Image 2918.png,褕芯褋褋械
Image 2919.png,邪胁懈邪褑懈褟
Image 2920.png,胁芯写薪褘械
Image 2921.png,锌褍褌懈
Image 2922.png,褋胁褟蟹褘胁邪褞褌
Image 2923.png,谢褞写械泄
Image 2924.png,褌械褉褉懈褌芯褉懈懈
Image 2925.png,锌褉械芯写芯谢械胁邪褟
Image 2926.png,锌褉懈褉芯写薪褘械
Image 2927.png,褌褉褍写薪芯褋褌懈协褌懈
Image 2928.png,褋懈褋褌械屑褘
Image 2929.png,锌芯泻邪蟹褘胁邪褞褌
Image 2930.png,懈蟹芯斜褉械褌邪褌械谢褜薪芯褋褌褜
Image 2931.png,邪写邪锌褌懈胁薪芯褋褌褜
Image 2932.png,褉芯褋褋懈褟薪
Image 2933.png,褍胁邪卸械薪懈械
Image 2934.png,褌褉邪写懈褑懈褟屑
Image 2935.png,褋褌褉械屑谢械薪懈械
Image 2936.png,锌褉芯谐褉械褋褋褍
Image 2937.png,褉邪蟹薪芯褑胁械褌薪褘械
Image 2938.png,泻褍锌芯谢邪
Image 2939.png,袙邪褋懈谢懈褟
Image 2940.png,袘谢邪卸械薪薪芯谐芯
Image 2941.png,芯卸懈胁谢褢薪薪褘械
Image 2942.png,蟹邪谢褘
Image 2943.png,袦芯褋泻芯胁褋泻芯谐芯
Image 2944.png,屑械褌褉芯
Image 2945.png,斜械褋泻芯薪械褔薪褘械
Image 2946.png,褉械谢褜褋褘
Image 2947.png,孝褉邪薪褋褋懈斜邪
Image 2948.png,褉芯褋褋懈泄褋泻邪褟
Image 2949.png,邪褉褏懈褌械泻褌褍褉邪
Image 2950.png,褌褉邪薪褋锌芯褉褌
Image 2951.png,锌褉芯写芯谢卸邪褞褌
Image 2952.png,胁写芯褏薪芯胁谢褟褌褜
Image 2953.png,芯斜褗械写懈薪褟褌褜
Image 2954.png,芯锌褉械写械谢褟褌褜
Image 2955.png,卸懈蟹薪褜
Image 2956.png,褝褌芯泄
Image 2957.png,薪械芯斜褘泻薪芯胁械薪薪芯泄
Image 2958.png,褋褌褉邪薪褘
Image 2959.png,袣邪卸写褘泄
Image 2960.png,褉邪泄芯薪
Image 2961.png,褋褌褉邪薪褘
Image 2962.png,懈屑械械褌
Image 2963.png,褋胁芯懈
Image 2964.png,芯褋芯斜械薪薪芯褋褌懈
Image 2965.png,芯褉谐邪薪懈蟹邪褑懈懈
Image 2966.png,褌褉邪薪褋锌芯褉褌邪
Image 2967.png,邪褉褏懈褌械泻褌褍褉薪褘械
Image 2968.png,褌褉邪写懈褑懈懈
Image 2969.png,屑械褋褌薪褘械
Image 2970.png,卸懈褌械谢懈
Image 2971.png,谐芯褉写褟褌褋褟
Image 2972.png,褍薪懈泻邪谢褜薪褘屑懈
Image 2973.png,锌邪屑褟褌薪懈泻邪屑懈
Image 2974.png,邪褉褏懈褌械泻褌褍褉褘
Image 2975.png,褌褉邪薪褋锌芯褉褌薪芯泄
Image 2976.png,懈薪褎褉邪褋褌褉褍泻褌褍褉芯泄
Image 2977.png,泻芯褌芯褉褘械
Image 2978.png,芯褌褉邪卸邪褞褌
Image 2979.png,懈褋褌芯褉懈褞
Image 2980.png,锌褉懈褉芯写薪褘械
Image 2981.png,褍褋谢芯胁懈褟
Image 2982.png,泻褍谢褜褌褍褉薪芯械
Image 2983.png,薪邪褋谢械写懈械
Image 2984.png,褉械谐懈芯薪邪
Image 2985.png,袧芯胁褘械
Image 2986.png,锌芯泻芯谢械薪懈褟
Image 2987.png,邪褉褏懈褌械泻褌芯褉芯胁
Image 2988.png,懈薪卸械薪械褉芯胁
Image 2989.png,褋褌褉械屑褟褌褋褟
Image 2990.png,褋芯褔械褌邪褌褜
Image 2991.png,褌褉邪写懈褑懈懈
Image 2992.png,褋芯胁褉械屑械薪薪褘械
Image 2993.png,褌械褏薪芯谢芯谐懈懈
Image 2994.png,褋芯蟹写邪胁邪褟
Image 2995.png,谐邪褉屑芯薪懈褔薪芯械
Image 2996.png,锌褉芯褋褌褉邪薪褋褌胁芯
Image 2997.png,写谢褟
Image 2998.png,斜褍写褍褖懈褏
Image 2999.png,锌芯泻芯谢械薪懈泄
Image 3000.png,褉芯褋褋懈褟薪
Image 3001.png,锌邪褉泻械
Image 3002.png,芯斜褍褋褌褉芯械薪褘
Image 3003.png,袪芯褋褋懈褟
Image 3004.png,褋邪屑邪褟
Image 3005.png,斜芯谢褜褕邪褟
Image 3006.png,褋褌褉邪薪邪
Image 3007.png,屑懈褉邪
Image 3008.png,褉邪褋泻懈薪褍胁褕邪褟褋褟
Image 3009.png,写胁褍褏
Image 3010.png,泻芯薪褌懈薪械薪褌邪褏
Image 3011.png,芯写懈薪薪邪写褑邪褌懈
Image 3012.png,褔邪褋芯胁褘褏
Image 3013.png,锌芯褟褋邪褏
Image 3014.png,谐芯褉芯写邪
Image 3015.png,褌邪泻
Image 3016.png,卸械
Image 3017.png,褉邪蟹薪芯芯斜褉邪蟹薪褘
Image 3018.png,谢邪薪写褕邪褎褌褘
Image 3019.png,泻邪卸写芯屑
Image 3020.png,械褋褌褜
Image 3021.png,褍薪懈胁械褉褋懈褌械褌褘
Image 3022.png,泻芯褌芯褉褘械
Image 3023.png,褎芯褉屑懈褉褍褞褌
Image 3024.png,褌芯谢褜泻芯
Image 3025.png,褉芯褋褋懈泄褋泻褍褞
Image 3026.png,薪邪褑懈褞
Image 3027.png,屑懈褉芯胁芯泄
Image 3028.png,屑懈褉
Image 3029.png,薪邪褍泻懈
Image 3030.png,谢懈褌械褉邪褌褍褉褘
Image 3031.png,泻褍谢褜褌褍褉褘
Image 3032.png,小胁褟蟹褜
Image 3033.png,屑械卸写褍
Image 3034.png,褉褍褋褋泻懈屑
Image 3035.png,谐芯褉芯写芯屑
Image 3036.png,褍薪懈胁械褉褋懈褌械褌芯屑
Image 3037.png,谐谢褍斜芯泻邪
Image 3038.png,芯薪邪
Image 3039.png,胁谢懈褟械褌
Image 3040.png,懈薪褌械谢谢械泻褌褍邪谢褜薪褍褞
Image 3041.png,卸懈蟹薪褜
Image 3042.png,褝泻芯薪芯屑懈泻褍
Image 3043.png,写褍褏
Image 3044.png,泻邪卸写芯谐芯
Image 3045.png,褉械谐懈芯薪邪
Image 3046.png,袩褍褌械褕械褋褌胁懈械
Image 3047.png,褉芯褋褋懈泄褋泻懈屑
Image 3048.png,谐芯褉芯写邪屑
Image 3049.png,褍薪懈胁械褉褋懈褌械褌邪屑
Image 3050.png,芯褌泻褉褘胁邪械褌
Image 3051.png,芯泻薪芯
Image 3052.png,斜芯谐邪褌芯械
Image 3053.png,懈薪褌械谢谢械泻褌褍邪谢褜薪芯械
Image 3054.png,泻褍谢褜褌褍褉薪芯械
Image 3055.png,薪邪褋谢械写懈械
Image 3056.png,褋褌褉邪薪褘
Image 3057.png,袦芯褋泻胁邪
Image 3058.png,褋褌芯谢懈褑邪
Image 3059.png,泻褉褍锌薪械泄褕懈泄
Image 3060.png,谐芯褉芯写
Image 3061.png,袪芯褋褋懈懈
Image 3062.png,褔邪褋褌芯
Image 3063.png,锌械褉胁邪褟
Image 3064.png,锌褉懈褏芯写懈褌
Image 3065.png,袦芯褋泻胁邪
Image 3066.png,泻懈锌褟褖懈泄
Image 3067.png,屑械谐邪锌芯谢懈褋
Image 3068.png,谐写械
Image 3069.png,褌褉邪写懈褑懈懈
Image 3070.png,褋芯褔械褌邪褞褌褋褟
Image 3071.png,薪芯胁邪褌芯褉褋褌胁芯屑
Image 3072.png,芯褋芯斜械薪薪芯
Image 3073.png,褝褌芯
Image 3074.png,蟹邪屑械褌薪芯
Image 3075.png,袦芯褋泻芯胁褋泻芯屑
Image 3076.png,谐芯褋褍写邪褉褋褌胁械薪薪芯屑
Image 3077.png,褍薪懈胁械褉褋懈褌械褌械
Image 3078.png,懈屑械薪懈
Image 3079.png,袥芯屑芯薪芯褋芯胁邪
Image 3080.png,袨褋薪芯胁邪薪薪褘泄
Image 3081.png,袦懈褏邪懈谢芯屑
Image 3082.png,袥芯屑芯薪芯褋芯胁褘屑
Image 3083.png,胁芯蟹胁褘褕邪械褌褋褟
Image 3084.png,袙芯褉芯斜褜褢胁褘褏
Image 3085.png,谐芯褉邪褏
Image 3086.png,谐谢邪胁薪芯械
Image 3087.png,蟹写邪薪懈械
Image 3088.png,褋褌邪谢懈薪褋泻邪褟
Image 3089.png,胁褘褋芯褌泻邪
Image 3090.png,写芯屑懈薪懈褉褍械褌
Image 3091.png,谐芯褉懈蟹芯薪褌芯屑
Image 3092.png,校薪懈胁械褉褋懈褌械褌
Image 3093.png,褋懈屑胁芯谢
Image 3094.png,褉芯褋褋懈泄褋泻芯谐芯
Image 3095.png,邪泻邪写械屑懈褔械褋泻芯谐芯
Image 3096.png,锌褉械胁芯褋褏芯写褋褌胁邪
Image 3097.png,邪屑斜懈褑懈泄
Image 3098.png,袟写械褋褜
Image 3099.png,芯斜褍褔邪褞褌
Image 3100.png,褋邪屑褘屑
Image 3101.png,褉邪蟹薪褘屑
Image 3102.png,薪邪锌褉邪胁谢械薪懈褟屑
Image 3103.png,屑邪褌械屑邪褌懈泻懈
Image 3104.png,褎懈蟹懈泻懈
Image 3105.png,卸褍褉薪邪谢懈褋褌懈泻懈
Image 3106.png,褞褉懈褋锌褉褍写械薪褑懈懈
Image 3107.png,小褉械写懈
Image 3108.png,胁褘锌褍褋泻薪懈泻芯胁
Image 3109.png,薪芯斜械谢械胁褋泻懈械
Image 3110.png,谢邪褍褉械邪褌褘
Image 3111.png,褍褔褢薪褘械
Image 3112.png,锌懈褋邪褌械谢懈
Image 3113.png,锌芯谢懈褌懈泻懈
Image 3114.png,袣邪屑锌褍褋
Image 3115.png,谐芯褉芯写
Image 3116.png,谐芯褉芯写械
Image 3117.png,斜懈斜谢懈芯褌械泻懈
Image 3118.png,屑褍蟹械懈
Image 3119.png,芯斜褖械卸懈褌懈褟
Image 3120.png,斜芯褌邪薪懈褔械褋泻懈泄
Image 3121.png,褋邪写
Image 3122.png,校薪懈胁械褉褋懈褌械褌
Image 3123.png,锌褉芯胁芯写懈褌
Image 3124.png,屑械卸写褍薪邪褉芯写薪褘械
Image 3125.png,泻芯薪褎械褉械薪褑懈懈
Image 3126.png,邪泻褌懈胁薪芯
Image 3127.png,褋芯褌褉褍写薪懈褔邪械褌
Image 3128.png,胁械写褍褖懈屑懈
Image 3129.png,胁褍蟹邪屑懈
Image 3130.png,屑懈褉邪
Image 3131.png,褍泻褉械锌谢褟械褌
Image 3132.png,褋褌邪褌褍褋
Image 3133.png,袦芯褋泻胁褘
Image 3134.png,泻邪泻
Image 3135.png,懈薪褌械谢谢械泻褌褍邪谢褜薪芯谐芯
Image 3136.png,泻褍谢褜褌褍褉薪芯谐芯
Image 3137.png,褑械薪褌褉邪
Image 3138.png,褋褌褉邪薪褘
Image 3139.png,小邪屑
Image 3140.png,谐芯褉芯写
Image 3141.png,薪邪褋褘褖械薪薪褘泄
Image 3142.png,褌械邪褌褉邪屑懈
Image 3143.png,谐邪谢械褉械褟屑懈
Image 3144.png,懈褋褌芯褉懈褔械褋泻懈屑懈
Image 3145.png,锌邪屑褟褌薪懈泻邪屑懈
Image 3146.png,写邪褢褌
Image 3147.png,褋褌褍写械薪褌邪屑
Image 3148.png,褕懈褉芯泻懈械
Image 3149.png,胁芯蟹屑芯卸薪芯褋褌懈
Image 3150.png,谢懈褔薪芯褋褌薪芯谐芯
Image 3151.png,锌褉芯褎械褋褋懈芯薪邪谢褜薪芯谐芯
Image 3152.png,褉芯褋褌邪
Image 3153.png,褋械胁械褉芯-蟹邪锌邪写械
Image 3154.png,褉邪褋锌芯谢芯卸懈谢褋褟
Image 3155.png,胁褌芯褉芯泄
Image 3156.png,胁械谢懈褔懈薪械
Image 3157.png,谐芯褉芯写
Image 3158.png,袪芯褋褋懈懈
Image 3159.png,泻褍谢褜褌褍褉薪邪褟
Image 3160.png,褋褌芯谢懈褑邪
Image 3161.png,袨褋薪芯胁邪薪薪褘泄
Image 3162.png,袩械褌褉芯屑
Image 3163.png,袙械谢懈泻懈屑
Image 3164.png,泻邪泻
Image 3165.png,芯泻薪芯
Image 3166.png,袝胁褉芯锌褍
Image 3167.png,袩械褌械褉斜褍褉谐
Image 3168.png,蟹薪邪屑械薪懈褌
Image 3169.png,褋胁芯懈屑懈
Image 3170.png,泻邪薪邪谢邪屑懈
Image 3171.png,斜邪褉芯褔薪芯泄
Image 3172.png,薪械芯泻谢邪褋褋懈褔械褋泻芯泄
Image 3173.png,邪褉褏懈褌械泻褌褍褉芯泄
Image 3174.png,屑褍蟹械褟屑懈
Image 3175.png,屑懈褉芯胁芯谐芯
Image 3176.png,褍褉芯胁薪褟
Image 3177.png,小邪薪泻褌
Image 3178.png,袩械褌械褉斜褍褉谐褋泻懈泄
Image 3179.png,谐芯褋褍写邪褉褋褌胁械薪薪褘泄
Image 3180.png,褍薪懈胁械褉褋懈褌械褌
Image 3181.png,芯褋薪芯胁邪薪薪褘泄
Image 3182.png,褋褌邪褉械泄褕懈褏
Image 3183.png,褋邪屑褘褏
Image 3184.png,锌褉械褋褌懈卸薪褘褏
Image 3185.png,胁褍蟹芯胁
Image 3186.png,袪芯褋褋懈懈
Image 3187.png,褌械褋薪芯
Image 3188.png,褋胁褟蟹邪薪
Image 3189.png,懈褋褌芯褉懈械泄
Image 3190.png,懈写械薪褌懈褔薪芯褋褌褜褞
Image 3191.png,谐芯褉芯写邪
Image 3192.png,小褉械写懈
Image 3193.png,胁褘锌褍褋泻薪懈泻芯胁
Image 3194.png,袛屑懈褌褉懈泄
Image 3195.png,袦械薪写械谢械械胁
Image 3196.png,褋芯蟹写邪褌械谢褜
Image 3197.png,锌械褉懈芯写懈褔械褋泻芯泄
Image 3198.png,褌邪斜谢懈褑褘
Image 3199.png,锌懈褋邪褌械谢懈
Image 3200.png,褌邪泻懈械
Image 3201.png,袠胁邪薪
Image 3202.png,孝褍褉谐械薪械胁
Image 3203.png,袠芯褋懈褎
Image 3204.png,袘褉芯写褋泻懈泄
Image 3205.png,袚谢邪胁薪褘械
Image 3206.png,泻芯褉锌褍褋邪
Image 3207.png,褍薪懈胁械褉褋懈褌械褌邪
Image 3208.png,褉邪褋锌芯谢芯卸械薪褘
Image 3209.png,斜械褉械谐褍
Image 3210.png,袧械胁褘
Image 3211.png,蟹写邪薪懈懈
Image 3212.png,袛胁械薪邪写褑邪褌懈
Image 3213.png,泻芯谢谢械谐懈泄
Image 3214.png,芯褌褉邪卸邪褟
Image 3215.png,懈屑锌械褉褋泻芯械
Image 3216.png,胁械谢懈褔懈械
Image 3217.png,袪芯褋褋懈懈
Image 3218.png,校薪懈胁械褉褋懈褌械褌
Image 3219.png,褋谢邪胁懈褌褋褟
Image 3220.png,褋懈谢褜薪褘屑懈
Image 3221.png,褕泻芯谢邪屑懈
Image 3222.png,褎懈谢芯谢芯谐懈懈
Image 3223.png,屑械卸写褍薪邪褉芯写薪褘褏
Image 3224.png,芯褌薪芯褕械薪懈泄
Image 3225.png,械褋褌械褋褌胁械薪薪褘褏
Image 3226.png,薪邪褍泻
Image 3227.png,屑邪褌械屑邪褌懈泻懈
Image 3228.png,袘芯谢褜褕芯械
Image 3229.png,泻芯谢懈褔械褋褌胁芯
Image 3230.png,褋褌褍写械薪褌芯胁
Image 3231.png,锌褉懈写邪褢褌
Image 3232.png,谐芯褉芯写褍
Image 3233.png,芯褋芯斜褍褞
Image 3234.png,写懈薪邪屑懈泻褍
Image 3235.png,写械谢邪械褌
Image 3236.png,褍谢懈褑褘
Image 3237.png,泻邪褎械
Image 3238.png,泻褍谢褜褌褍褉薪褍褞
Image 3239.png,卸懈蟹薪褜
Image 3240.png,卸懈胁褘屑懈
Image 3241.png,薪邪褋褘褖械薪薪褘屑懈
Image 3242.png,袛胁懈谐邪褟褋褜
Image 3243.png,写邪谢褜褕械
Image 3244.png,胁芯褋褌芯泻
Image 3245.png,锌芯锌邪写邪械屑
Image 3246.png,袧芯胁芯褋懈斜懈褉褋泻
Image 3247.png,泻褉褍锌薪械泄褕懈泄
Image 3248.png,谐芯褉芯写
Image 3249.png,小懈斜懈褉懈
Image 3250.png,褌褉械褌懈泄
Image 3251.png,薪邪褋械谢械薪懈褞
Image 3252.png,袪芯褋褋懈懈
Image 3253.png,袚芯褉芯写
Image 3254.png,芯褋薪芯胁邪薪
Image 3255.png,泻邪泻
Image 3256.png,褋褌邪薪褑懈褟
Image 3257.png,孝褉邪薪褋褋懈斜懈褉褋泻芯泄
Image 3258.png,卸械谢械蟹薪芯泄
Image 3259.png,写芯褉芯谐懈
Image 3260.png,蟹邪褌械屑
Image 3261.png,褋褌褉械屑懈褌械谢褜薪芯
Image 3262.png,锌褉械胁褉邪褌懈谢褋褟
Image 3263.png,褑械薪褌褉
Image 3264.png,锌褉芯屑褘褕谢械薪薪芯褋褌懈
Image 3265.png,薪邪褍泻懈
Image 3266.png,袧芯胁芯褋懈斜懈褉褋泻懈泄
Image 3267.png,谐芯褋褍写邪褉褋褌胁械薪薪褘泄
Image 3268.png,褍薪懈胁械褉褋懈褌械褌
Image 3269.png,芯褋薪芯胁邪薪薪褘泄
Image 3270.png,褉邪褋锌芯谢芯卸械薪
Image 3271.png,袗泻邪写械屑谐芯褉芯写泻械
Image 3272.png,褍薪懈泻邪谢褜薪芯屑
Image 3273.png,薪邪褍褔薪芯屑
Image 3274.png,锌芯褋褢谢泻械
Image 3275.png,芯泻褉邪懈薪械
Image 3276.png,谐芯褉芯写邪
Image 3277.png,袗泻邪写械屑谐芯褉芯写芯泻
Image 3278.png,蟹邪写褍屑褘胁邪谢褋褟
Image 3279.png,芯邪蟹懈褋
Image 3280.png,褍褔褢薪褘褏
Image 3281.png,褋械谐芯写薪褟
Image 3282.png,褉邪斜芯褌邪褞褌
Image 3283.png,写械褋褟褌泻懈
Image 3284.png,薪邪褍褔薪褘褏
Image 3285.png,懈薪褋褌懈褌褍褌芯胁
Image 3286.png,写械谢邪械褌
Image 3287.png,胁械写褍褖懈褏
Image 3288.png,薪邪褍褔薪褘褏
Image 3289.png,褑械薪褌褉芯胁
Image 3290.png,褋褌褉邪薪褘
Image 3291.png,懈蟹胁械褋褌械薪
Image 3292.png,褋懈谢褜薪褘屑懈
Image 3293.png,锌褉芯谐褉邪屑屑邪屑懈
Image 3294.png,褎懈蟹懈泻械
Image 3295.png,屑邪褌械屑邪褌懈泻械
Image 3296.png,褏懈屑懈懈
Image 3297.png,懈薪褎芯褉屑邪褌懈泻械
Image 3298.png,孝械褋薪邪褟
Image 3299.png,褋胁褟蟹褜
Image 3300.png,褍薪懈胁械褉褋懈褌械褌邪
Image 3301.png,小懈斜懈褉褋泻懈屑
Image 3302.png,芯褌写械谢械薪懈械屑
Image 3303.png,袪芯褋褋懈泄褋泻芯泄
Image 3304.png,邪泻邪写械屑懈懈
Image 3305.png,薪邪褍泻
Image 3306.png,锌芯蟹胁芯谢褟械褌
Image 3307.png,褋褌褍写械薪褌邪屑
Image 3308.png,褍褔邪褋褌胁芯胁邪褌褜
Image 3309.png,锌械褉械写芯胁褘褏
Image 3310.png,薪邪褍褔薪褘褏
Image 3311.png,锌褉芯械泻褌邪褏
Image 3312.png,小邪屑
Image 3313.png,袧芯胁芯褋懈斜懈褉褋泻
Image 3314.png,写懈薪邪屑懈褔薪褘泄
Image 3315.png,谐芯褉芯写
Image 3316.png,褌械邪褌褉邪屑懈
Image 3317.png,屑褍蟹械褟屑懈
Image 3318.png,邪泻褌懈胁薪芯泄
Image 3319.png,屑褍蟹褘泻邪谢褜薪芯泄
Image 3320.png,褋褑械薪芯泄
Image 3321.png,小懈薪械褉谐懈褟
Image 3322.png,谐芯褉芯写邪
Image 3323.png,褍薪懈胁械褉褋懈褌械褌邪
Image 3324.png,锌褉懈胁谢械泻邪械褌
Image 3325.png,褋褌褍写械薪褌芯胁
Image 3326.png,懈褋褋谢械写芯胁邪褌械谢械泄
Image 3327.png,胁褋械褏
Image 3328.png,褍谐芯谢泻芯胁
Image 3329.png,袪芯褋褋懈懈
Image 3330.png,屑懈褉邪
Image 3331.png,袣邪蟹邪薪褜
Image 3332.png,褋褌芯谢懈褑邪
Image 3333.png,袪械褋锌褍斜谢懈泻懈
Image 3334.png,孝邪褌邪褉褋褌邪薪
Image 3335.png,谐芯褉芯写
Image 3336.png,褋谢懈褟薪懈懈
Image 3337.png,袙芯谢谐懈
Image 3338.png,袣邪蟹邪薪泻懈
Image 3339.png,袟写械褋褜
Image 3340.png,胁褋褌褉械褔邪褞褌褋褟
Image 3341.png,袙芯褋褌芯泻
Image 3342.png,袟邪锌邪写
Image 3343.png,褉褍褋褋泻邪褟
Image 3344.png,褌邪褌邪褉褋泻邪褟
Image 3345.png,泻褍谢褜褌褍褉褘
Image 3346.png,屑懈褉薪芯
Image 3347.png,褋芯褋褍褖械褋褌胁褍褞褌
Image 3348.png,袣邪蟹邪薪褋泻懈泄
Image 3349.png,褎械写械褉邪谢褜薪褘泄
Image 3350.png,褍薪懈胁械褉褋懈褌械褌
Image 3351.png,芯褋薪芯胁邪薪薪褘泄
Image 3352.png,褋褌邪褉械泄褕懈褏
Image 3353.png,褍薪懈胁械褉褋懈褌械褌芯胁
Image 3354.png,袪芯褋褋懈懈
Image 3355.png,褋懈屑胁芯谢
Image 3356.png,屑薪芯谐芯薪邪褑懈芯薪邪谢褜薪芯泄
Image 3357.png,懈写械薪褌懈褔薪芯褋褌懈
Image 3358.png,褉械谐懈芯薪邪
Image 3359.png,小褉械写懈
Image 3360.png,胁褘锌褍褋泻薪懈泻芯胁
Image 3361.png,袥械胁
Image 3362.png,孝芯谢褋褌芯泄
Image 3363.png,邪胁褌芯褉
Image 3364.png,袙芯泄薪褘
Image 3365.png,屑懈褉邪
Image 3366.png,袧懈泻芯谢邪泄
Image 3367.png,袥芯斜邪褔械胁褋泻懈泄
Image 3368.png,芯褋薪芯胁邪褌械谢褜
Image 3369.png,薪械械胁泻谢懈写芯胁芯泄
Image 3370.png,谐械芯屑械褌褉懈懈
Image 3371.png,褋谢邪胁懈褌褋褟
Image 3372.png,懈褋褋谢械写芯胁邪薪懈褟屑懈
Image 3373.png,芯斜谢邪褋褌懈
Image 3374.png,谢懈薪谐胁懈褋褌懈泻懈
Image 3375.png,懈褋褌芯褉懈懈
Image 3376.png,褏懈屑懈懈
Image 3377.png,薪械褎褌褟薪芯谐芯
Image 3378.png,写械谢邪
Image 3379.png,芯褌褉邪卸邪械褌
Image 3380.png,褝泻芯薪芯屑懈褔械褋泻芯械
Image 3381.png,泻褍谢褜褌褍褉薪芯械
Image 3382.png,屑薪芯谐芯芯斜褉邪蟹懈械
Image 3383.png,谐芯褉芯写邪
Image 3384.png,袣邪屑锌褍褋
Image 3385.png,褉邪褋锌芯谢芯卸械薪
Image 3386.png,褑械薪褌褉械
Image 3387.png,袣邪蟹邪薪懈
Image 3388.png,芯泻褉褍卸褢薪
Image 3389.png,懈褋褌芯褉懈褔械褋泻懈屑懈
Image 3390.png,蟹写邪薪懈褟屑懈
Image 3391.png,屑械褔械褌褟屑懈
Image 3392.png,褑械褉泻胁褟屑懈
Image 3393.png,褋芯胁褉械屑械薪薪芯泄
Image 3394.png,懈薪褎褉邪褋褌褉褍泻褌褍褉芯泄
Image 3395.png,携褉泻邪褟
Image 3396.png,褋褌褍写械薪褔械褋泻邪褟
Image 3397.png,卸懈蟹薪褜
Image 3398.png,褉邪蟹薪芯芯斜褉邪蟹薪邪褟
Image 3399.png,泻褍褏薪褟
Image 3400.png,褎械褋褌懈胁邪谢懈
Image 3401.png,褋芯蟹写邪褞褌
Image 3402.png,芯褋芯斜褍褞
Image 3403.png,邪褌屑芯褋褎械褉褍
Image 3404.png,锌褉懈褌褟谐懈胁邪褞褖褍褞
Image 3405.png,褋褌褍写械薪褌芯胁
Image 3406.png,胁褋械泄
Image 3407.png,褋褌褉邪薪褘
Image 3408.png,褉褍斜械卸邪
Image 3409.png,褞谐械
Image 3410.png,褋褌褉邪薪褘
Image 3411.png,胁芯褉芯褌邪
Image 3412.png,袣邪胁泻邪蟹
Image 3413.png,泻褉褍锌薪褘泄
Image 3414.png,褌褉邪薪褋锌芯褉褌薪芯
Image 3415.png,锌褉芯屑褘褕谢械薪薪褘泄
Image 3416.png,褑械薪褌褉
Image 3417.png,挟卸薪褘泄
Image 3418.png,褎械写械褉邪谢褜薪褘泄
Image 3419.png,褍薪懈胁械褉褋懈褌械褌
Image 3420.png,谐谢邪胁薪褘屑
Image 3421.png,泻邪屑锌褍褋芯屑
Image 3422.png,袪芯褋褌芯胁械
Image 3423.png,褎懈谢懈邪谢邪屑懈
Image 3424.png,孝邪谐邪薪褉芯谐械
Image 3425.png,写褉褍谐懈褏
Image 3426.png,谐芯褉芯写邪褏
Image 3427.png,芯斜褉邪蟹芯胁邪薪
Image 3428.png,褋谢懈褟薪懈械屑
Image 3429.png,薪械褋泻芯谢褜泻懈褏
Image 3430.png,胁褍蟹芯胁
Image 3431.png,懈蟹胁械褋褌械薪
Image 3432.png,屑械卸写懈褋褑懈锌谢懈薪邪褉薪褘屑
Image 3433.png,锌芯写褏芯写芯屑
Image 3434.png,褋懈谢褜薪褘屑懈
Image 3435.png,褕泻芯谢邪屑懈
Image 3436.png,懈薪卸械薪械褉懈懈
Image 3437.png,锌褋懈褏芯谢芯谐懈懈
Image 3438.png,褎懈谢芯谢芯谐懈懈
Image 3439.png,械褋褌械褋褌胁械薪薪褘褏
Image 3440.png,薪邪褍泻
Image 3441.png,校薪懈胁械褉褋懈褌械褌
Image 3442.png,褋芯褌褉褍写薪懈褔邪械褌
Image 3443.png,锌褉芯屑褘褕谢械薪薪褘屑懈
Image 3444.png,锌褉械写锌褉懈褟褌懈褟屑懈
Image 3445.png,薪邪褍褔薪褘屑懈
Image 3446.png,褑械薪褌褉邪屑懈
Image 3447.png,懈谐褉邪械褌
Image 3448.png,胁邪卸薪褍褞
Image 3449.png,褉芯谢褜
Image 3450.png,褝泻芯薪芯屑懈泻械
Image 3451.png,褉械谐懈芯薪邪
Image 3452.png,袪芯褋褌芯胁
Image 3453.png,褌褢锌谢褘泄
Image 3454.png,谐芯褋褌械锌褉懈懈屑薪褘泄
Image 3455.png,谐芯褉芯写
Image 3456.png,褉褘薪泻邪屑懈
Image 3457.png,卸懈胁芯锌懈褋薪芯泄
Image 3458.png,薪邪斜械褉械卸薪芯泄
Image 3459.png,袛芯薪邪
Image 3460.png,泻褍谢褜褌褍褉薪褘屑
Image 3461.png,褉邪蟹薪芯芯斜褉邪蟹懈械屑
Image 3462.png,小褌褍写械薪褌褘
Image 3463.png,谢褞斜褟褌
Image 3464.png,锌褉芯胁芯写懈褌褜
Image 3465.png,胁褉械屑褟
Image 3466.png,薪邪斜械褉械卸薪芯泄
Image 3467.png,芯褌写褘褏邪褟
Image 3468.png,锌芯褋谢械
Image 3469.png,蟹邪薪褟褌懈泄
Image 3470.png,袝泻邪褌械褉懈薪斜褍褉谐
Image 3471.png,褉邪褋锌芯谢芯卸械薪薪褘泄
Image 3472.png,胁芯褋褌芯褔薪芯屑
Image 3473.png,褋泻谢芯薪械
Image 3474.png,校褉邪谢褜褋泻懈褏
Image 3475.png,谐芯褉
Image 3476.png,褋谢褍卸懈褌
Image 3477.png,屑芯褋褌芯屑
Image 3478.png,屑械卸写褍
Image 3479.png,袝胁褉芯锌芯泄
Image 3480.png,袗蟹懈械泄
Image 3481.png,褔械褌胁褢褉褌褘泄
Image 3482.png,胁械谢懈褔懈薪械
Image 3483.png,谐芯褉芯写
Image 3484.png,袪芯褋褋懈懈
Image 3485.png,泻褉褍锌薪褘泄
Image 3486.png,锌褉芯屑褘褕谢械薪薪褘泄
Image 3487.png,泻褍谢褜褌褍褉薪褘泄
Image 3488.png,芯斜褉邪蟹芯胁邪褌械谢褜薪褘泄
Image 3489.png,褑械薪褌褉
Image 3490.png,校褉邪谢褜褋泻懈泄
Image 3491.png,褎械写械褉邪谢褜薪褘泄
Image 3492.png,褍薪懈胁械褉褋懈褌械褌
Image 3493.png,薪芯褋褟褖懈泄
Image 3494.png,懈屑褟
Image 3495.png,锌械褉胁芯谐芯
Image 3496.png,锌褉械蟹懈写械薪褌邪
Image 3497.png,袪芯褋褋懈懈
Image 3498.png,袘芯褉懈褋邪
Image 3499.png,袝谢褜褑懈薪邪
Image 3500.png,胁械写褍褖懈泄
Image 3501.png,谐芯褉芯写邪
Image 3502.png,袨褋薪芯胁邪薪薪褘泄
Image 3503.png,锌褉械写谢邪谐邪械褌
Image 3504.png,褕懈褉芯泻懈泄
Image 3505.png,褋锌械泻褌褉
Image 3506.png,锌褉芯谐褉邪屑屑
Image 3507.png,懈薪卸械薪械褉懈懈
Image 3508.png,褝泻芯薪芯屑懈泻懈
Image 3509.png,谐褍屑邪薪懈褌邪褉薪褘褏
Image 3510.png,薪邪褍泻
Image 3511.png,校薪懈胁械褉褋懈褌械褌
Image 3512.png,邪泻褌懈胁薪芯
Image 3513.png,褉邪斜芯褌邪械褌
Image 3514.png,锌褉芯屑褘褕谢械薪薪芯褋褌褜褞
Image 3515.png,屑械卸写褍薪邪褉芯写薪褘屑懈
Image 3516.png,泻芯褉锌芯褉邪褑懈褟屑懈
Image 3517.png,袝泻邪褌械褉懈薪斜褍褉谐
Image 3518.png,褋谢邪胁懈褌褋褟
Image 3519.png,褉邪蟹胁懈褌芯泄
Image 3520.png,泻褍谢褜褌褍褉薪芯泄
Image 3521.png,褋褑械薪芯泄
Image 3522.png,褋芯胁褉械屑械薪薪芯泄
Image 3523.png,邪褉褏懈褌械泻褌褍褉芯泄
Image 3524.png,懈褋褌芯褉懈褔械褋泻懈屑懈
Image 3525.png,锌邪屑褟褌薪懈泻邪屑懈
Image 3526.png,笑械薪褌褉邪谢褜薪芯械
Image 3527.png,锌芯谢芯卸械薪懈械
Image 3528.png,谐芯褉芯写邪
Image 3529.png,写械谢邪械褌
Image 3530.png,锌械褉械泻褉褢褋褌泻芯屑
Image 3531.png,泻褍谢褜褌褍褉
Image 3532.png,懈写械泄
Image 3533.png,屑薪芯谐芯薪邪褑懈芯薪邪谢褜薪褘泄
Image 3534.png,褋褌褍写械薪褔械褋泻懈泄
Image 3535.png,褋芯褋褌邪胁
Image 3536.png,芯褌褉邪卸邪械褌
Image 3537.png,褝褌芯褌
Image 3538.png,泻芯褋屑芯锌芯谢懈褌懈蟹屑
Image 3539.png,褋邪屑芯屑
Image 3540.png,胁芯褋褌芯泻械
Image 3541.png,斜械褉械谐褍
Image 3542.png,携锌芯薪褋泻芯谐芯
Image 3543.png,屑芯褉褟
Image 3544.png,褉邪褋锌芯谢芯卸械薪
Image 3545.png,袙谢邪写懈胁芯褋褌芯泻
Image 3546.png,胁芯褉芯褌邪
Image 3547.png,袪芯褋褋懈懈
Image 3548.png,孝懈褏芯芯泻械邪薪褋泻懈泄
Image 3549.png,褉械谐懈芯薪
Image 3550.png,袛邪谢褜薪械胁芯褋褌芯褔薪褘泄
Image 3551.png,褎械写械褉邪谢褜薪褘泄
Image 3552.png,褍薪懈胁械褉褋懈褌械褌
Image 3553.png,薪邪褏芯写懈褌褋褟
Image 3554.png,芯褋褌褉芯胁械
Image 3555.png,袪褍褋褋泻懈泄
Image 3556.png,褋芯械写懈薪褢薪薪芯屑
Image 3557.png,屑邪褌械褉懈泻芯屑
Image 3558.png,胁锌械褔邪褌谢褟褞褖懈屑
Image 3559.png,屑芯褋褌芯屑
Image 3560.png,褋芯蟹写邪薪
Image 3561.png,斜邪蟹械
Image 3562.png,薪械褋泻芯谢褜泻懈褏
Image 3563.png,胁褍蟹芯胁
Image 3564.png,褋械谐芯写薪褟
Image 3565.png,谢懈写懈褉褍械褌
Image 3566.png,屑芯褉褋泻懈褏
Image 3567.png,薪邪褍泻邪褏
Image 3568.png,懈薪卸械薪械褉懈懈
Image 3569.png,屑械卸写褍薪邪褉芯写薪褘褏
Image 3570.png,芯褌薪芯褕械薪懈褟褏
Image 3571.png,小芯胁褉械屑械薪薪褘泄
Image 3572.png,泻邪屑锌褍褋
Image 3573.png,胁懈写芯屑
Image 3574.png,屑芯褉械
Image 3575.png,褋芯蟹写邪褢褌
Image 3576.png,褍薪懈泻邪谢褜薪褘械
Image 3577.png,褍褋谢芯胁懈褟
Image 3578.png,褍褔褢斜褘
Image 3579.png,袙谢邪写懈胁芯褋褌芯泻
Image 3580.png,锌芯褉褌芯胁褘泄
Image 3581.png,谐芯褉芯写
Image 3582.png,斜芯谐邪褌芯泄
Image 3583.png,屑芯褉褋泻芯泄
Image 3584.png,懈褋褌芯褉懈械泄
Image 3585.png,褉褘薪泻邪屑懈
Image 3586.png,屑芯褉械锌褉芯写褍泻褌芯胁
Image 3587.png,褉邪褋褌褍褖械泄
Image 3588.png,泻褍谢褜褌褍褉薪芯泄
Image 3589.png,卸懈蟹薪褜褞
Image 3590.png,锌褉芯胁芯写懈褌
Image 3591.png,屑械卸写褍薪邪褉芯写薪褘械
Image 3592.png,泻芯薪褎械褉械薪褑懈懈
Image 3593.png,泻褍谢褜褌褍褉薪褘械
Image 3594.png,褎械褋褌懈胁邪谢懈
Image 3595.png,褉械邪谢懈蟹褍械褌
Image 3596.png,芯斜屑械薪褘
Image 3597.png,褋褌褉邪薪邪屑懈
Image 3598.png,袗蟹懈懈
Image 3599.png,褋褌邪薪芯胁褟褋褜
Image 3600.png,芯斜褉邪蟹芯胁邪褌械谢褜薪褘屑
Image 3601.png,泻褍谢褜褌褍褉薪褘屑
Image 3602.png,褑械薪褌褉芯屑
Image 3603.png,褉械谐懈芯薪邪
Image 3604.png,袩械褉屑褜
Image 3605.png,褉邪褋锌芯谢芯卸械薪薪邪褟
Image 3606.png,蟹邪锌邪写薪褘褏
Image 3607.png,褋泻谢芯薪邪褏
Image 3608.png,校褉邪谢邪
Image 3609.png,芯写懈薪
Image 3610.png,泻褉褍锌薪褘泄
Image 3611.png,锌褉芯屑褘褕谢械薪薪褘泄
Image 3612.png,泻褍谢褜褌褍褉薪褘泄
Image 3613.png,褑械薪褌褉
Image 3614.png,袩械褉屑褋泻懈泄
Image 3615.png,谐芯褋褍写邪褉褋褌胁械薪薪褘泄
Image 3616.png,褍薪懈胁械褉褋懈褌械褌
Image 3617.png,芯褋薪芯胁邪薪薪褘泄
Image 3618.png,褋褌邪谢
Image 3619.png,锌械褉胁褘屑
Image 3620.png,胁褍蟹芯屑
Image 3621.png,校褉邪谢械
Image 3622.png,袠蟹薪邪褔邪谢褜薪芯
Image 3623.png,斜褘谢
Image 3624.png,褎懈谢懈邪谢芯屑
Image 3625.png,袩械褌械褉斜褍褉谐褋泻芯谐芯
Image 3626.png,褍薪懈胁械褉褋懈褌械褌邪
Image 3627.png,斜褘褋褌褉芯
Image 3628.png,褋褌邪谢
Image 3629.png,褋邪屑芯褋褌芯褟褌械谢褜薪褘屑
Image 3630.png,芯斜褉邪蟹芯胁邪褌械谢褜薪褘屑
Image 3631.png,薪邪褍褔薪褘屑
Image 3632.png,褑械薪褌褉芯屑
Image 3633.png,懈蟹胁械褋褌械薪
Image 3634.png,褋懈谢褜薪褘屑懈
Image 3635.png,褕泻芯谢邪屑懈
Image 3636.png,谐械芯谢芯谐懈懈
Image 3637.png,褏懈屑懈懈
Image 3638.png,屑邪褌械屑邪褌懈泻懈
Image 3639.png,谢懈薪谐胁懈褋褌懈泻懈
Image 3640.png,袩械褉屑懈
Image 3641.png,屑薪芯谐芯
Image 3642.png,褌械邪褌褉芯胁
Image 3643.png,屑褍蟹械械胁
Image 3644.png,邪泻褌懈胁薪芯械
Image 3645.png,邪褉褌-褋芯芯斜褖械褋褌胁芯
Image 3646.png,袪械泻邪
Image 3647.png,袣邪屑邪
Image 3648.png,锌褉芯褌械泻邪褞褖邪褟
Image 3649.png,谐芯褉芯写
Image 3650.png,锌褉懈写邪褢褌
Image 3651.png,袩械褉屑懈
Image 3652.png,芯褋芯斜褍褞
Image 3653.png,泻褉邪褋芯褌褍
Image 3654.png,写邪褢褌
Image 3655.png,褋褌褍写械薪褌邪屑
Image 3656.png,胁芯蟹屑芯卸薪芯褋褌懈
Image 3657.png,芯褌写褘褏邪
Image 3658.png,褋邪屑芯屑
Image 3659.png,褋械褉写褑械
Image 3660.png,小懈斜懈褉懈
Image 3661.png,薪邪褏芯写懈褌褋褟
Image 3662.png,孝芯屑褋泻
Image 3663.png,芯写懈薪
Image 3664.png,谐谢邪胁薪褘褏
Image 3665.png,褑械薪褌褉芯胁
Image 3666.png,褋褌褉邪薪褘
Image 3667.png,孝芯屑褋泻懈泄
Image 3668.png,谐芯褋褍写邪褉褋褌胁械薪薪褘泄
Image 3669.png,褍薪懈胁械褉褋懈褌械褌
Image 3670.png,芯褋薪芯胁邪薪薪褘泄
Image 3671.png,褋褌邪褉械泄褕懈泄
Image 3672.png,褍薪懈胁械褉褋懈褌械褌
Image 3673.png,邪蟹懈邪褌褋泻芯泄
Image 3674.png,褔邪褋褌懈
Image 3675.png,袪芯褋褋懈懈
Image 3676.png,袣邪屑锌褍褋
Image 3677.png,褋芯褔械褌邪械褌
Image 3678.png,懈褋褌芯褉懈褔械褋泻懈械
Image 3679.png,蟹写邪薪懈褟
Image 3680.png,褋芯胁褉械屑械薪薪褘械
Image 3681.png,谢邪斜芯褉邪褌芯褉懈懈
Image 3682.png,褋谢邪胁懈褌褋褟
Image 3683.png,懈褋褋谢械写芯胁邪薪懈褟屑懈
Image 3684.png,褎懈蟹懈泻械
Image 3685.png,斜懈芯谢芯谐懈懈
Image 3686.png,懈薪卸械薪械褉懈懈
Image 3687.png,谐褍屑邪薪懈褌邪褉薪褘褏
Image 3688.png,薪邪褍泻邪褏
Image 3689.png,孝芯屑褋泻械
Image 3690.png,芯褋芯斜邪褟
Image 3691.png,褋褌褍写械薪褔械褋泻邪褟
Image 3692.png,邪褌屑芯褋褎械褉邪
Image 3693.png,锌芯褔褌懈
Image 3694.png,泻邪卸写褘泄
Image 3695.png,锌褟褌褘泄
Image 3696.png,卸懈褌械谢褜
Image 3697.png,褋褌褍写械薪褌
Image 3698.png,袦薪芯卸械褋褌胁芯
Image 3699.png,胁褍蟹芯胁
Image 3700.png,薪邪锌芯谢薪褟褞褌
Image 3701.png,谐芯褉芯写
Image 3702.png,褝薪械褉谐懈械泄
Image 3703.png,屑芯谢芯写褢卸懈
Image 3704.png,写械褉械胁褟薪薪邪褟
Image 3705.png,邪褉褏懈褌械泻褌褍褉邪
Image 3706.png,泻褍谢褜褌褍褉薪褘械
Image 3707.png,褎械褋褌懈胁邪谢懈
Image 3708.png,褋芯蟹写邪褞褌
Image 3709.png,芯褋芯斜褘泄
Image 3710.png,褕邪褉屑
Image 3711.png,袧懈卸薪懈泄
Image 3712.png,袧芯胁谐芯褉芯写
Image 3713.png,褋褌芯褟褖懈泄
Image 3714.png,褋谢懈褟薪懈懈
Image 3715.png,袙芯谢谐懈
Image 3716.png,袨泻懈
Image 3717.png,褋芯胁械褌褋泻芯械
Image 3718.png,胁褉械屑褟
Image 3719.png,薪芯褋懈谢
Image 3720.png,懈屑褟
Image 3721.png,袚芯褉褜泻芯谐芯
Image 3722.png,泻褉褍锌薪褘泄
Image 3723.png,锌褉芯屑褘褕谢械薪薪褘泄
Image 3724.png,泻褍谢褜褌褍褉薪褘泄
Image 3725.png,褑械薪褌褉
Image 3726.png,校薪懈胁械褉褋懈褌械褌
Image 3727.png,懈屑械薪懈
Image 3728.png,袥芯斜邪褔械胁褋泻芯谐芯
Image 3729.png,薪邪蟹胁邪薪薪褘泄
Image 3730.png,褔械褋褌褜
Image 3731.png,胁褘写邪褞褖械谐芯褋褟
Image 3732.png,屑邪褌械屑邪褌懈泻邪
Image 3733.png,袧懈泻芯谢邪褟
Image 3734.png,袥芯斜邪褔械胁褋泻芯谐芯
Image 3735.png,芯褋薪芯胁邪薪
Image 3736.png,锌褉芯褋谢邪胁懈谢褋褟
Image 3737.png,锌褉芯谐褉邪屑屑邪屑懈
Image 3738.png,屑邪褌械屑邪褌懈泻械
Image 3739.png,褎懈蟹懈泻械
Image 3740.png,褝泻芯薪芯屑懈泻械
Image 3741.png,袘芯谐邪褌邪褟
Image 3742.png,懈褋褌芯褉懈褟
Image 3743.png,谐芯褉芯写邪
Image 3744.png,薪邪褋褘褖械薪薪邪褟
Image 3745.png,泻褍谢褜褌褍褉薪邪褟
Image 3746.png,卸懈蟹薪褜
Image 3747.png,胁褘谐芯写薪芯械
Image 3748.png,谐械芯谐褉邪褎懈褔械褋泻芯械
Image 3749.png,锌芯谢芯卸械薪懈械
Image 3750.png,写械谢邪褞褌
Image 3751.png,袧懈卸薪懈泄
Image 3752.png,袧芯胁谐芯褉芯写
Image 3753.png,锌褉懈胁谢械泻邪褌械谢褜薪褘屑
Image 3754.png,褍褔褢斜褘
Image 3755.png,袣褉械屑谢褜
Image 3756.png,褋褌邪褉懈薪薪褘械
Image 3757.png,褍谢懈褑褘
Image 3758.png,薪邪斜械褉械卸薪褘械
Image 3759.png,谢褞斜懈屑褘械
Image 3760.png,屑械褋褌邪
Image 3761.png,褋褌褍写械薪褌芯胁
Image 3762.png,谐芯褋褌械泄
Image 3763.png,谐芯褉芯写邪
Image 3764.png,小邪屑邪褉邪
Image 3765.png,褋褌芯褟褖邪褟
Image 3766.png,袙芯谢谐械
Image 3767.png,懈蟹胁械褋褌薪邪
Image 3768.png,邪褝褉芯泻芯褋屑懈褔械褋泻芯泄
Image 3769.png,锌褉芯屑褘褕谢械薪薪芯褋褌褜褞
Image 3770.png,泻褍谢褜褌褍褉薪芯泄
Image 3771.png,卸懈蟹薪褜褞
Image 3772.png,小邪屑邪褉褋泻懈泄
Image 3773.png,褍薪懈胁械褉褋懈褌械褌
Image 3774.png,芯写懈薪
Image 3775.png,谢懈写械褉芯胁
Image 3776.png,芯斜谢邪褋褌懈
Image 3777.png,邪褝褉芯泻芯褋屑懈褔械褋泻芯泄
Image 3778.png,懈薪卸械薪械褉懈懈
Image 3779.png,褎懈蟹懈泻懈
Image 3780.png,懈薪褎芯褉屑邪褌懈泻懈
Image 3781.png,校薪懈胁械褉褋懈褌械褌
Image 3782.png,褌械褋薪芯
Image 3783.png,褋芯褌褉褍写薪懈褔邪械褌
Image 3784.png,褉芯褋褋懈泄褋泻芯泄
Image 3785.png,泻芯褋屑懈褔械褋泻芯泄
Image 3786.png,锌褉芯谐褉邪屑屑芯泄
Image 3787.png,蟹邪褉褍斜械卸薪褘屑懈
Image 3788.png,锌邪褉褌薪褢褉邪屑懈
Image 3789.png,胁薪芯褋懈褌
Image 3790.png,胁泻谢邪写
Image 3791.png,褉邪蟹胁懈褌懈械
Image 3792.png,邪胁懈邪褑懈懈
Image 3793.png,泻芯褋屑芯薪邪胁褌懈泻懈
Image 3794.png,袞懈胁芯锌懈褋薪邪褟
Image 3795.png,薪邪斜械褉械卸薪邪褟
Image 3796.png,锌谢褟卸懈
Image 3797.png,褎械褋褌懈胁邪谢懈
Image 3798.png,褋芯蟹写邪褞褌
Image 3799.png,写谢褟
Image 3800.png,褋褌褍写械薪褌芯胁
Image 3801.png,邪褌屑芯褋褎械褉褍
Image 3802.png,芯褌写褘褏邪
Image 3803.png,胁写芯褏薪芯胁械薪懈褟
Image 3804.png,小褉械写懈
Image 3805.png,写褉褍谐懈褏
Image 3806.png,谐芯褉芯写芯胁
Image 3807.png,屑芯卸薪芯
Image 3808.png,芯褌屑械褌懈褌褜
Image 3809.png,小邪褉邪褌芯胁
Image 3810.png,小邪褉邪褌芯胁褋泻懈泄
Image 3811.png,谐芯褋褍写邪褉褋褌胁械薪薪褘泄
Image 3812.png,褍薪懈胁械褉褋懈褌械褌
Image 3813.png,蟹薪邪屑械薪懈褌
Image 3814.png,褋胁芯懈屑懈
Image 3815.png,褎懈蟹懈褔械褋泻懈屑懈
Image 3816.png,薪邪褍褔薪褘屑懈
Image 3817.png,褕泻芯谢邪屑懈
Image 3818.png,袙芯褉芯薪械卸
Image 3819.png,屑芯褖薪褘屑
Image 3820.png,袙芯褉芯薪械卸褋泻懈屑
Image 3821.png,谐芯褋褍写邪褉褋褌胁械薪薪褘屑
Image 3822.png,褍薪懈胁械褉褋懈褌械褌芯屑
Image 3823.png,褑械薪褌褉芯屑
Image 3824.png,谐褍屑邪薪懈褌邪褉薪褘褏
Image 3825.png,械褋褌械褋褌胁械薪薪褘褏
Image 3826.png,薪邪褍泻
Image 3827.png,袣邪谢懈薪懈薪谐褉邪写
Image 3828.png,袘邪谢褌懈泄褋泻懈泄
Image 3829.png,褎械写械褉邪谢褜薪褘泄
Image 3830.png,褍薪懈胁械褉褋懈褌械褌
Image 3831.png,懈屑械薪懈
Image 3832.png,袣邪薪褌邪
Image 3833.png,写邪褢褌
Image 3834.png,胁芯蟹屑芯卸薪芯褋褌褜
Image 3835.png,褍褔懈褌褜褋褟
Image 3836.png,褋邪屑芯屑
Image 3837.png,蟹邪锌邪写薪芯屑
Image 3838.png,褉械谐懈芯薪械
Image 3839.png,袪芯褋褋懈懈
Image 3840.png,泻邪卸写芯屑
Image 3841.png,褝褌懈褏
Image 3842.png,谐芯褉芯写芯胁
Image 3843.png,褍薪懈胁械褉褋懈褌械褌
Image 3844.png,锌褉芯褋褌芯
Image 3845.png,褍褔械斜薪芯械
Image 3846.png,蟹邪胁械写械薪懈械
Image 3847.png,写胁懈谐邪褌械谢褜
Image 3848.png,褋芯褑懈邪谢褜薪芯泄
Image 3849.png,屑芯斜懈谢褜薪芯褋褌懈
Image 3850.png,懈薪薪芯胁邪褑懈泄
Image 3851.png,泻褍谢褜褌褍褉薪芯泄
Image 3852.png,卸懈蟹薪懈
Image 3853.png,袣邪屑锌褍褋褘
Image 3854.png,褋褌邪薪芯胁褟褌褋褟
Image 3855.png,锌谢芯褖邪写泻邪屑懈
Image 3856.png,谢械泻褑懈泄
Image 3857.png,泻芯薪褑械褉褌芯胁
Image 3858.png,胁褘褋褌邪胁芯泻
Image 3859.png,褋锌芯褉褌懈胁薪褘褏
Image 3860.png,褋芯褉械胁薪芯胁邪薪懈泄
Image 3861.png,褎芯褉屑懈褉褍褟
Image 3862.png,写褍褏
Image 3863.png,褋芯芯斜褖械褋褌胁邪
Image 3864.png,芯褌泻褉褘褌懈泄
Image 3865.png,小芯褌褉褍写薪懈褔械褋褌胁芯
Image 3866.png,褍薪懈胁械褉褋懈褌械褌芯胁
Image 3867.png,斜懈蟹薪械褋芯屑
Image 3868.png,谐芯褋褍写邪褉褋褌胁芯屑
Image 3869.png,褋锌芯褋芯斜褋褌胁褍械褌
Image 3870.png,褉邪蟹胁懈褌懈褞
Image 3871.png,褉械谐懈芯薪邪
Image 3872.png,褋芯蟹写邪褢褌
Image 3873.png,胁芯蟹屑芯卸薪芯褋褌懈
Image 3874.png,褋褌褍写械薪褌芯胁
Image 3875.png,胁褘锌褍褋泻薪懈泻芯胁
Image 3876.png,袦薪芯谐芯芯斜褉邪蟹懈械
Image 3877.png,褉芯褋褋懈泄褋泻懈褏
Image 3878.png,谐芯褉芯写芯胁
Image 3879.png,胁褍蟹芯胁
Image 3880.png,芯褌褉邪卸邪械褌
Image 3881.png,芯谐褉芯屑薪褍褞
Image 3882.png,谐械芯谐褉邪褎懈褞
Image 3883.png,屑褍谢褜褌懈泻褍谢褜褌褍褉薪芯械
Image 3884.png,薪邪褋谢械写懈械
Image 3885.png,褋褌褉邪薪褘
Image 3886.png,袪芯褋褋懈泄褋泻懈械
Image 3887.png,褍薪懈胁械褉褋懈褌械褌褘
Image 3888.png,褋褌邪薪芯胁褟褌褋褟
Image 3889.png,斜芯谢械械
Image 3890.png,屑械卸写褍薪邪褉芯写薪褘屑懈
Image 3891.png,蟹写械褋褜
Image 3892.png,褍褔邪褌褋褟
Image 3893.png,褋褌褍写械薪褌褘
Image 3894.png,褋褌褉邪薪
Image 3895.png,袗蟹懈懈
Image 3896.png,袗褎褉懈泻懈
Image 3897.png,袝胁褉芯锌褘
Image 3898.png,写褉褍谐懈褏
Image 3899.png,褉械谐懈芯薪芯胁
Image 3900.png,袦薪芯谐懈械
Image 3901.png,锌褉械写谢邪谐邪褞褌
Image 3902.png,锌褉芯谐褉邪屑屑褘
Image 3903.png,邪薪谐谢懈泄褋泻芯屑
Image 3904.png,褟蟹褘泻械
Image 3905.png,褍褔邪褋褌胁褍褞褌
Image 3906.png,屑懈褉芯胁褘褏
Image 3907.png,懈褋褋谢械写芯胁邪褌械谢褜褋泻懈褏
Image 3908.png,锌褉芯械泻褌邪褏
Image 3909.png,协褌芯
Image 3910.png,芯斜芯谐邪褖邪械褌
Image 3911.png,褋褌褍写械薪褔械褋泻褍褞
Image 3912.png,卸懈蟹薪褜
Image 3913.png,锌芯屑芯谐邪械褌
Image 3914.png,胁褘锌褍褋泻薪懈泻邪屑
Image 3915.png,斜褘褌褜
Image 3916.png,胁芯褋褌褉械斜芯胁邪薪薪褘屑懈
Image 3917.png,谐谢芯斜邪谢褜薪芯屑
Image 3918.png,屑懈褉械
Image 3919.png,孝邪泻懈屑
Image 3920.png,芯斜褉邪蟹芯屑
Image 3921.png,褋胁褟蟹褜
Image 3922.png,屑械卸写褍
Image 3923.png,褉芯褋褋懈泄褋泻懈屑懈
Image 3924.png,谐芯褉芯写邪屑懈
Image 3925.png,懈褏
Image 3926.png,褍薪懈胁械褉褋懈褌械褌邪屑懈
Image 3927.png,芯褋薪芯胁邪
Image 3928.png,懈薪褌械谢谢械泻褌褍邪谢褜薪芯泄
Image 3929.png,泻褍谢褜褌褍褉薪芯泄
Image 3930.png,褝薪械褉谐懈懈
Image 3931.png,褋褌褉邪薪褘
Image 3932.png,懈屑锌械褉褋泻芯谐芯
Image 3933.png,胁械谢懈泻芯谢械锌懈褟
Image 3934.png,袩械褌械褉斜褍褉谐邪
Image 3935.png,薪邪褍褔薪褘褏
Image 3936.png,芯褌泻褉褘褌懈泄
Image 3937.png,袧芯胁芯褋懈斜懈褉褋泻邪
Image 3938.png,屑薪芯谐芯薪邪褑懈芯薪邪谢褜薪芯泄
Image 3939.png,袣邪蟹邪薪懈
Image 3940.png,褌懈褏芯芯泻械邪薪褋泻芯谐芯
Image 3941.png,袙谢邪写懈胁芯褋褌芯泻邪
Image 3942.png,泻邪卸写褘泄
Image 3943.png,写褍褝褌
Image 3944.png,谐芯褉芯写
Image 3945.png,褍薪懈胁械褉褋懈褌械褌
Image 3946.png,褋芯蟹写邪褢褌
Image 3947.png,褍薪懈泻邪谢褜薪褍褞
Image 3948.png,褋褉械写褍
Image 3949.png,褍褔褢斜褘
Image 3950.png,懈褋褋谢械写芯胁邪薪懈泄
Image 3951.png,谢懈褔薪芯褋褌薪芯谐芯
Image 3952.png,褉芯褋褌邪
Image 3953.png,协褌懈
Image 3954.png,褍褔褉械卸写械薪懈褟
Image 3955.png,胁芯褋锌懈褌褘胁邪褞褌
Image 3956.png,薪芯胁芯械
Image 3957.png,锌芯泻芯谢械薪懈械
Image 3958.png,褍褔褢薪褘褏
Image 3959.png,懈薪卸械薪械褉芯胁
Image 3960.png,褏褍写芯卸薪懈泻芯胁
Image 3961.png,谢懈写械褉芯胁
Image 3962.png,褎芯褉屑懈褉褍褟
Image 3963.png,褌芯谢褜泻芯
Image 3964.png,斜褍写褍褖械械
Image 3965.png,袪芯褋褋懈懈
Image 3966.png,胁褋械谐芯
Image 3967.png,屑懈褉邪
Image 3968.png,袪邪蟹薪芯芯斜褉邪蟹懈械
Image 3969.png,写懈薪邪屑懈泻邪
Image 3970.png,褉芯褋褋懈泄褋泻懈褏
Image 3971.png,谐芯褉芯写芯胁
Image 3972.png,褍薪懈胁械褉褋懈褌械褌芯胁
Image 3973.png,锌褉芯写芯谢卸邪褞褌
Image 3974.png,胁写芯褏薪芯胁谢褟褌褜
Image 3975.png,褋褌褍写械薪褌芯胁
Image 3976.png,褍褔褢薪褘褏
Image 3977.png,褉邪褋泻褉褘胁邪褟
Image 3978.png,锌械褉械写
Image 3979.png,薪懈屑懈
Image 3980.png,薪芯胁褘械
Image 3981.png,谐芯褉懈蟹芯薪褌褘
Image 3982.png,蟹薪邪薪懈泄
Image 3983.png,褌胁芯褉褔械褋褌胁邪
Image 3984.png,褋邪屑芯褉械邪谢懈蟹邪褑懈懈
Image 3985.png,袩邪谢褜屑懈褉邪
Image 3986.png,袘懈蟹薪械褋
Image 3987.png,袣谢褍斜
Image 3988.png,锌械褉胁褘泄
Image 3989.png,袪芯褋褋懈懈
Image 3990.png,泻芯屑屑褍薪懈泻邪褑懈芯薪薪褘泄
Image 3991.png,芯褌械谢褜
Image 3992.png,泻芯褌芯褉褘泄
Image 3993.png,芯褌泻褉褘谢褋褟
Image 3994.png,袧芯褟斜褉械
Image 3995.png,芯写薪邪
Image 3996.png,谐谢邪胁薪械泄褕懈褏
Image 3997.png,蟹邪写邪褔
Image 3998.png,写械谢芯胁芯谐芯
Image 3999.png,泻谢褍斜邪
Image 4000.png,写械泄褋褌胁褍褞褖械谐芯